IDC,CITY,STATE,REGION
0,"Not in identifiable city (or size group)",ND,"ND"
1,Aberdeen1,SD,"West north central"
2,Aberdeen,WA,"Pacific"
3,Abilene,TX,"West south central"
4,Ada,OK,"West south central"
5,Adams,MA,"New England"
6,Adrian,MI,"East north central"
10,Akron,OH,"East north central"
30,Alameda,CA,"Pacific"
50,Albany,NY,"MidAtlantic"
51,Albany1,GA,"South Atlantic"
52,"Albert Lea",MN,"West north central"
70,Albuquerque,NM,"Mountain"
90,Alexandria1,VA,"South Atlantic"
91,Alexandria,LA,"West south central"
100,Alhambra,CA,"Pacific"
101,Aliquippa1,PA,"MidAtlantic"
110,Allegheny,PA,"MidAtlantic"
120,Aliquippa,PA,"MidAtlantic"
130,Allentown,PA,"MidAtlantic"
131,Alliance,OH,"East north central"
132,Alpena,MI,"East north central"
140,Alton,IL,"East north central"
150,Altoona,PA,"MidAtlantic"
160,Amarillo,TX,"West south central"
161,Ambridge,PA,"MidAtlantic"
162,Ames,IA,"West north central"
163,Amesbury,MA,"New England"
170,Amsterdam,NY,"MidAtlantic"
171,Anaconda,MT,"Mountain"
190,Anaheim,CA,"Pacific"
210,Anchorage,AK,"Pacific"
230,Anderson1,IN,"East north central"
231,Anderson,SC,"South Atlantic"
250,Andover,MA,"New England"
270,"Ann Arbor",MI,"East north central"
271,Annapolis,MD,"South Atlantic"
272,Anniston,AL,"East south central"
273,Ansonia,CT,"New England"
280,Appleton,WI,"East north central"
281,Ardmore,OK,"West south central"
282,Argenta,AR,"West south central"
283,Arkansas,KS,"West north central"
290,Arlington1,TX,"West south central"
310,Arlington2,VA,"South Atlantic"
311,Arlington,MA,"New England"
312,Arnold,PA,"MidAtlantic"
313,"Asbury Park",NJ,"MidAtlantic"
330,Asheville,NC,"South Atlantic"
331,Ashland,OH,"East north central"
340,Ashland1,KY,"East south central"
341,Ashland2,WI,"East north central"
342,Ashtabula,OH,"East north central"
343,Astoria,OR,"Pacific"
344,Atchison,KS,"West north central"
345,Athens,GA,"South Atlantic"
346,Athol,MA,"New England"
350,Atlanta,GA,"South Atlantic"
370,"Atlantic City",NJ,"MidAtlantic"
371,Attleboro,MA,"New England"
390,Auburn,NY,"MidAtlantic"
391,Auburn1,ME,"New England"
410,Augusta,GA,"South Atlantic"
430,Augusta1,ME,"New England"
450,Aurora1,CO,"Mountain"
470,Aurora,IL,"East north central"
490,Austin1,TX,"West south central"
491,Austin,MN,"West north central"
510,Bakersfield,CA,"Pacific"
530,Baltimore,MD,"South Atlantic"
550,Bangor,ME,"New England"
551,Barberton,OH,"East north central"
552,Barre,VT,"New England"
553,Bartlesville,OK,"West south central"
554,Batavia,NY,"MidAtlantic"
570,Bath,ME,"New England"
590,"Baton Rouge",LA,"West south central"
610,"Battle Creek",MI,"East north central"
630,"Bay City",MI,"East north central"
640,Bayamon,PR,"South Atlantic"
650,Bayonne,NJ,"MidAtlantic"
651,Beacon,NY,"MidAtlantic"
652,Beatrice,NE,"West north central"
660,Belleville,IL,"East north central"
670,Beaumont,TX,"West south central"
671,"Beaver Falls",PA,"MidAtlantic"
672,Bedford,IN,"East north central"
673,Bellaire,OH,"East north central"
680,Bellevue,WA,"Pacific"
690,Bellingham,WA,"Pacific"
700,Belleville1,NJ,"MidAtlantic"
701,Bellevue1,PA,"MidAtlantic"
702,Belmont,OH,"East north central"
703,Belmont1,MA,"New England"
704,Beloit,WI,"East north central"
705,Bennington,VT,"New England"
706,"Benton Harbor",MI,"East north central"
710,Berkeley,CA,"Pacific"
711,Berlin,NH,"New England"
712,Berwick,PA,"MidAtlantic"
720,Berwyn,IL,"East north central"
721,Bessemer,AL,"East south central"
730,Bethlehem,PA,"MidAtlantic"
740,Biddeford,ME,"New England"
741,"Big Spring",TX,"West south central"
742,Billings,MT,"Mountain"
743,Biloxi,MS,"East south central"
750,Binghamton,NY,"MidAtlantic"
760,Beverly,MA,"New England"
761,"Beverly Hills",CA,"Pacific"
770,Birmingham,AL,"East south central"
771,Birmingham1,CT,"New England"
772,Bismarck,ND,"ND"
780,Bloomfield,NJ,"MidAtlantic"
790,Bloomington1,IL,"East north central"
791,Bloomington,IN,"East north central"
792,"Blue Island",IL,"East north central"
793,Bluefield,WV,"South Atlantic"
794,Blytheville,AR,"West south central"
795,Bogalusa,LA,"West south central"
800,Boise,ID,"Mountain"
801,Boone,IA,"West north central"
810,Boston,MA,"New England"
811,Boulder,CO,"Mountain"
812,"Bowling Green",KY,"East south central"
813,Braddock,PA,"MidAtlantic"
814,Braden,WA,"Pacific"
815,Bradford,PA,"MidAtlantic"
816,Brainerd,MN,"West north central"
817,Braintree,MA,"New England"
818,Brawley,CA,"Pacific"
819,Bremerton,WA,"Pacific"
830,Bridgeport,CT,"New England"
831,Bridgeton,NJ,"MidAtlantic"
832,Bristol3,CT,"New England"
833,Bristol2,PA,"MidAtlantic"
834,Bristol1,VA,"South Atlantic"
835,Bristol4,TN,"East south central"
837,Bristol,RI,"New England"
850,Brockton,MA,"New England"
851,Brookfield,IL,"East north central"
870,Brookline,MA,"New England"
880,Brownsville,TX,"West south central"
881,Brownwood,TX,"West south central"
882,Brunswick,GA,"South Atlantic"
883,Bucyrus,OH,"East north central"
890,Buffalo,NY,"MidAtlantic"
900,Burlington1,IA,"West north central"
905,Burlington2,VT,"New England"
906,Burlington,NJ,"MidAtlantic"
907,Bushkill,PA,"MidAtlantic"
910,Butte,MT,"Mountain"
911,Butler,PA,"MidAtlantic"
920,Burbank,CA,"Pacific"
921,Burlingame,CA,"Pacific"
926,Cairo,IL,"East north central"
927,"Calumet City",IL,"East north central"
930,Cambridge1,MA,"New England"
931,Cambridge,OH,"East north central"
950,Camden1,NJ,"MidAtlantic"
951,Campbell,OH,"East north central"
952,Canonsburg,PA,"MidAtlantic"
970,Camden,NY,"MidAtlantic"
990,Canton1,OH,"East north central"
991,Canton,IL,"East north central"
992,"Cape Girardeau",MO,"West north central"
993,Carbondale,PA,"MidAtlantic"
994,Carlisle,PA,"MidAtlantic"
995,Carnegie,PA,"MidAtlantic"
996,Carrick,PA,"MidAtlantic"
997,Carteret,NJ,"MidAtlantic"
998,Carthage,MO,"West north central"
999,Casper,WY,"Mountain"
1000,"Cape Coral",FL,"South Atlantic"
1010,"Cedar Rapids",IA,"West north central"
1020,"Central Falls",RI,"New England"
1021,Centralia,IL,"East north central"
1023,Chambersburg,PA,"MidAtlantic"
1024,Champaign,IL,"East north central"
1025,Chanute,KS,"West north central"
1026,Charleroi,PA,"MidAtlantic"
1030,Charlestown,MA,"New England"
1050,Charleston1,SC,"South Atlantic"
1060,Carolina,PR,"South Atlantic"
1070,Charleston,WV,"South Atlantic"
1090,Charlotte,NC,"South Atlantic"
1091,Charlottesville,VA,"South Atlantic"
1110,Chattanooga,TN,"East south central"
1130,Chelsea,MA,"New England"
1150,Chesapeake,VA,"South Atlantic"
1170,Chester,PA,"MidAtlantic"
1171,Cheyenne,WY,"Mountain"
1190,Chicago,IL,"East north central"
1191,"Chicago Heights",IL,"East north central"
1192,Chickasha,OK,"West south central"
1210,Chicopee,MA,"New England"
1230,Chillicothe,OH,"East north central"
1250,"Chula Vista",CA,"Pacific"
1270,Cicero,IL,"East north central"
1290,Cincinnati,OH,"East north central"
1291,Clairton,PA,"MidAtlantic"
1292,Claremont,NH,"New England"
1310,Clarksburg,WV,"South Atlantic"
1311,Clarksdale,MS,"East south central"
1312,Cleburne,TX,"West south central"
1330,Cleveland,OH,"East north central"
1340,"Cleveland Heights",OH,"East north central"
1341,"Cliffside Park",NJ,"MidAtlantic"
1350,Clifton1,NJ,"MidAtlantic"
1351,Clinton2,IN,"East north central"
1370,Clinton3,IA,"West north central"
1371,Clinton,MA,"New England"
1372,Coatesville,PA,"MidAtlantic"
1373,Coffeyville,KS,"West north central"
1374,Cohoes1,NY,"MidAtlantic"
1375,Collingswood,NJ,"MidAtlantic"
1390,"Colorado Springs",CO,"Mountain"
1400,Cohoes,NY,"MidAtlantic"
1410,Columbia,SC,"South Atlantic"
1411,Columbia1,PA,"MidAtlantic"
1412,Columbia2,MO,"West north central"
1420,"Columbia City",IN,"East north central"
1430,Columbus1,GA,"South Atlantic"
1450,Columbus2,OH,"East north central"
1451,Columbus,MS,"East south central"
1452,Compton,CA,"Pacific"
1470,Concord1,CA,"Pacific"
1490,Concord2,NH,"New England"
1491,Concord,NC,"South Atlantic"
1492,Connellsville1,PA,"MidAtlantic"
1493,Connersville,IN,"East north central"
1494,Conshohocken,PA,"MidAtlantic"
1495,Coraopolis,PA,"MidAtlantic"
1496,Corning,NY,"MidAtlantic"
1500,Corona,CA,"Pacific"
1510,"Council Bluffs",IA,"West north central"
1520,"Corpus Christi",TX,"West south central"
1521,Corsicana,TX,"West south central"
1522,Cortland,NY,"MidAtlantic"
1523,Coshocton,OH,"East north central"
1530,Covington,KY,"East south central"
1540,"Costa Mesa",CA,"Pacific"
1550,Cranston,RI,"New England"
1551,Crawfordsville,IN,"East north central"
1552,"Cripple Creek",CO,"Mountain"
1553,Cudahy,WI,"East north central"
1570,Cumberland1,MD,"South Atlantic"
1571,Cumberland,RI,"New England"
1572,"Cuyahoga Falls",OH,"East north central"
1590,Dallas,TX,"West south central"
1591,Danbury,CT,"New England"
1610,Danvers,MA,"New England"
1630,Danville1,IL,"East north central"
1631,Danville,VA,"South Atlantic"
1650,Davenport,IA,"West north central"
1670,Dayton,OH,"East north central"
1671,"Daytona Beach",FL,"South Atlantic"
1680,Dearborn,MI,"East north central"
1690,Decatur1,IL,"East north central"
1691,Decatur2,AL,"East south central"
1692,Decatur,GA,"South Atlantic"
1693,Dedham,MA,"New England"
1694,"Del Rio",TX,"West south central"
1695,Denison,TX,"West south central"
1710,Denver,CO,"Mountain"
1711,Derby1,CT,"New England"
1713,Derry,PA,"MidAtlantic"
1730,"Des Moines",IA,"West north central"
1750,Detroit,MI,"East north central"
1751,"Dickson City",PA,"MidAtlantic"
1752,Dodge,KS,"West north central"
1753,Donora,PA,"MidAtlantic"
1754,Dormont,PA,"MidAtlantic"
1755,Dothan,AL,"East south central"
1770,Dorchester,MA,"New England"
1790,Dover1,NH,"New England"
1791,Dover,NJ,"MidAtlantic"
1792,"Du Bois",PA,"MidAtlantic"
1800,Downey,CA,"Pacific"
1810,Dubuque,IA,"West north central"
1830,Duluth,MN,"West north central"
1831,Dunkirk,NY,"MidAtlantic"
1832,Dunmore,PA,"MidAtlantic"
1833,Duquesne,PA,"MidAtlantic"
1850,Durham,NC,"South Atlantic"
1870,"East Chicago",IN,"East north central"
1890,"East Cleveland",OH,"East north central"
1891,"East Hartford",CT,"New England"
1892,"East Liverpool",OH,"East north central"
1893,"East Moline",IL,"East north central"
1910,"East Los Angeles",CA,"Pacific"
1930,"East Orange",NJ,"MidAtlantic"
1931,"East Providence",RI,"New England"
1940,"East Saginaw",MI,"East north central"
1950,"East St. Louis",IL,"East north central"
1951,"East Youngstown",OH,"East north central"
1952,Easthampton,MA,"New England"
1970,Easton,PA,"MidAtlantic"
1971,"Eau Claire",WI,"East north central"
1972,Ecorse,MI,"East north central"
1973,"El Dorado1",KS,"West north central"
1974,"El Dorado",AR,"West south central"
1990,"El Monte",CA,"Pacific"
2010,"El Paso",TX,"West south central"
2030,Elgin,IL,"East north central"
2040,Elyria,OH,"East north central"
2050,Elizabeth,NJ,"MidAtlantic"
2051,"Elizabeth City",NC,"South Atlantic"
2060,Elkhart,IN,"East north central"
2061,"Ellwood City",PA,"MidAtlantic"
2062,Elmhurst,IL,"East north central"
2070,Elmira,NY,"MidAtlantic"
2071,"Elmwood Park",IL,"East north central"
2072,Elwood,IN,"East north central"
2073,Emporia,KS,"West north central"
2074,Endicott,NY,"MidAtlantic"
2075,Enfield,CT,"New England"
2076,Englewood,NJ,"MidAtlantic"
2080,Enid,OK,"West south central"
2090,Erie,PA,"MidAtlantic"
2091,Escanaba,MI,"East north central"
2092,Euclid,OH,"East north central"
2110,Escondido,CA,"Pacific"
2130,Eugene,OR,"Pacific"
2131,Eureka,CA,"Pacific"
2150,Evanston,IL,"East north central"
2170,Evansville,IN,"East north central"
2190,Everett1,MA,"New England"
2210,Everett,WA,"Pacific"
2211,Fairfield1,AL,"East south central"
2212,Fairfield,CT,"New England"
2213,Fairhaven,MA,"New England"
2214,Fairmont,WV,"South Atlantic"
2220,Fargo,ND,"ND"
2221,Faribault,MN,"West north central"
2222,Farrell,PA,"MidAtlantic"
2230,"Fall River",MA,"New England"
2240,Fayetteville,NC,"South Atlantic"
2241,Ferndale,MI,"East north central"
2242,Findlay,OH,"East north central"
2250,Fitchburg,MA,"New England"
2260,Fontana,CA,"Pacific"
2270,Flint,MI,"East north central"
2271,"Floral Park",NY,"MidAtlantic"
2273,Florence,AL,"East south central"
2274,Florence1,SC,"South Atlantic"
2275,Flushing,NY,"MidAtlantic"
2280,"Fond du Lac",WI,"East north central"
2281,"Forest Park",IL,"East north central"
2290,"Fort Lauderdale",FL,"South Atlantic"
2300,"Fort Collins",CO,"Mountain"
2301,"Fort Dodge",IA,"West north central"
2302,"Fort Madison",IA,"West north central"
2303,"Fort Scott",KS,"West north central"
2310,"Fort Smith",AR,"West south central"
2311,"Fort Thomas",KY,"East south central"
2330,"Fort Wayne",IN,"East north central"
2350,"Fort Worth",TX,"West south central"
2351,Fostoria,OH,"East north central"
2352,Framingham,MA,"New England"
2353,Frankfort1,IN,"East north central"
2354,Frankfort,KY,"East south central"
2355,Franklin,PA,"MidAtlantic"
2356,Frederick,MD,"South Atlantic"
2357,Freeport1,NY,"MidAtlantic"
2358,Freeport,IL,"East north central"
2359,Fremont1,OH,"East north central"
2360,Fremont,NE,"West north central"
2370,Fresno,CA,"Pacific"
2390,Fullerton,CA,"Pacific"
2391,Fulton,NY,"MidAtlantic"
2392,Gadsden,AL,"East south central"
2393,Galena,KS,"West north central"
2400,Galesburg,IL,"East north central"
2410,Galveston,TX,"West south central"
2411,Gardner,MA,"New England"
2430,"Garden Grove",CA,"Pacific"
2440,Garfield,NJ,"MidAtlantic"
2441,"Garfield Heights",OH,"East north central"
2450,Garland,TX,"West south central"
2470,Gary,IN,"East north central"
2471,Gastonia,NC,"South Atlantic"
2472,Geneva,NY,"MidAtlantic"
2473,"Glen Cove",NY,"MidAtlantic"
2490,Glendale,CA,"Pacific"
2491,"Glens Falls",NY,"MidAtlantic"
2510,Gloucester1,MA,"New England"
2511,Gloucester,NJ,"MidAtlantic"
2512,Gloversville,NY,"MidAtlantic"
2513,Goldsboro,NC,"South Atlantic"
2514,Goshen,IN,"East north central"
2515,"Grand Forks",ND,"ND"
2516,"Grand Island",NE,"West north central"
2517,"Grand Junction",CO,"Mountain"
2520,"Granite City",IL,"East north central"
2530,"Grand Rapids",MI,"East north central"
2531,Grandville,MI,"East north central"
2540,"Great Falls",MT,"Mountain"
2541,Greeley,CO,"Mountain"
2550,"Green Bay",WI,"East north central"
2551,Greenfield,MA,"New England"
2570,Greensboro,NC,"South Atlantic"
2571,Greensburg,PA,"MidAtlantic"
2572,Greenville2,MS,"East south central"
2573,Greenville1,SC,"South Atlantic"
2574,Greenville,TX,"West south central"
2575,Greenwich,CT,"New England"
2576,Greenwood1,MS,"East south central"
2577,Greenwood,SC,"South Atlantic"
2578,Griffin,GA,"South Atlantic"
2579,"Grosse Pointe Park",MI,"East north central"
2580,Guynabo,PR,"South Atlantic"
2581,Groton,CT,"New England"
2582,Gulfport,MS,"East south central"
2583,Guthrie,OK,"West south central"
2584,Hackensack,NJ,"MidAtlantic"
2590,Hagerstown,MD,"South Atlantic"
2591,Hamden,CT,"New England"
2610,Hamilton,OH,"East north central"
2630,Hammond,IN,"East north central"
2650,Hampton,VA,"South Atlantic"
2670,"Hamtramck Village",MI,"East north central"
2680,Hannibal,MO,"West north central"
2681,Hanover,PA,"MidAtlantic"
2682,Harlingen,TX,"West south central"
2690,Harrisburg1,PA,"MidAtlantic"
2691,Harrisburg,IL,"East north central"
2692,Harrison,NJ,"MidAtlantic"
2710,Hartford,CT,"New England"
2711,Harvey,IL,"East north central"
2712,Hastings,NE,"West north central"
2713,Hattiesburg,MS,"East south central"
2730,Haverhill,MA,"New England"
2731,Hawthorne,NJ,"MidAtlantic"
2750,Hazleton,PA,"MidAtlantic"
2751,Helena,MT,"Mountain"
2752,Hempstead,NY,"MidAtlantic"
2753,Henderson,KY,"East south central"
2754,Herkimer,NY,"MidAtlantic"
2755,Herrin,IL,"East north central"
2756,Hibbing,MN,"West north central"
2770,Hialeah,FL,"South Atlantic"
2780,"High Point",NC,"South Atlantic"
2781,"Highland Park1",IL,"East north central"
2790,"Highland Park",MI,"East north central"
2791,Hilo,HI,"Pacific"
2810,Hoboken,NJ,"MidAtlantic"
2811,Holland,MI,"East north central"
2830,Hollywood,FL,"South Atlantic"
2850,Holyoke,MA,"New England"
2851,Homestead,PA,"MidAtlantic"
2870,Honolulu,HI,"Pacific"
2871,Hopewell,VA,"South Atlantic"
2872,Hopkinsville,KY,"East south central"
2873,Hoquiam,WA,"Pacific"
2874,Hornell,NY,"MidAtlantic"
2875,"Hot Springs",AR,"West south central"
2890,Houston,TX,"West south central"
2891,Hudson,NY,"MidAtlantic"
2892,Huntington,IN,"East north central"
2910,Huntington1,WV,"South Atlantic"
2930,"Huntingon Beach",CA,"Pacific"
2950,Huntsville,AL,"East south central"
2951,Huron,SD,"West north central"
2960,Hutchinson,KS,"West north central"
2961,"Hyde Park",MA,"New England"
2962,Ilion,NY,"MidAtlantic"
2963,Independence1,KS,"West north central"
2970,Independence,MO,"West north central"
2990,Indianapolis,IN,"East north central"
3010,Inglewood,CA,"Pacific"
3011,"Iowa City",IA,"West north central"
3012,"Iron Mountain",MI,"East north central"
3013,Ironton,OH,"East north central"
3014,Ironwood,MI,"East north central"
3020,Irvine,CA,"Pacific"
3030,Irving,TX,"West south central"
3050,Irvington,NJ,"MidAtlantic"
3051,Ishpeming,MI,"East north central"
3052,Ithaca,NY,"MidAtlantic"
3070,Jackson1,MI,"East north central"
3071,Jackson2,MN,"West north central"
3090,Jackson,MS,"East south central"
3091,Jackson3,TN,"East south central"
3110,Jacksonville1,FL,"South Atlantic"
3111,Jacksonville,IL,"East north central"
3130,Jamestown,NY,"MidAtlantic"
3131,Janesville,WI,"East north central"
3132,Jeannette,PA,"MidAtlantic"
3133,"Jefferson City",MO,"West north central"
3134,Jeffersonville,IN,"East north central"
3150,"Jersey City",NJ,"MidAtlantic"
3151,"Johnson City1",NY,"MidAtlantic"
3160,"Johnson City",TN,"East south central"
3161,Johnstown1,NY,"MidAtlantic"
3170,Johnstown,PA,"MidAtlantic"
3190,Joliet,IL,"East north central"
3191,Jonesboro,AR,"West south central"
3210,Joplin,MO,"West north central"
3230,Kalamazoo,MI,"East north central"
3231,Kankakee,IL,"East north central"
3250,"Kansas City1",KS,"West north central"
3260,"Kansas City",MO,"West north central"
3270,Kearny,NJ,"MidAtlantic"
3271,Keene,NH,"New England"
3272,Kenmore1,NY,"MidAtlantic"
3273,Kenmore,OH,"East north central"
3290,Kenosha,WI,"East north central"
3291,Keokuk,IA,"West north central"
3292,Kewanee,IL,"East north central"
3293,"Key West",FL,"South Atlantic"
3294,Kingsport,TN,"East south central"
3310,Kingston1,NY,"MidAtlantic"
3311,Kingston,PA,"MidAtlantic"
3312,Kinston,NC,"South Atlantic"
3313,"Klamath Falls",OR,"Pacific"
3330,Knoxville,TN,"East south central"
3350,Kokomo,IN,"East north central"
3370,"La Crosse",WI,"East north central"
3380,Lafayette,IL,"East north central"
3390,Lafayette1,LA,"West south central"
3391,"La Grange1",IL,"East north central"
3392,"La Grange",GA,"South Atlantic"
3393,"La Porte",IN,"East north central"
3394,"La Salle",IL,"East north central"
3395,Lackawanna,NY,"MidAtlantic"
3396,Laconia,NH,"New England"
3410,Lakewood1,CO,"Mountain"
3430,Lakewood,OH,"East north central"
3440,Lancaster1,CA,"Pacific"
3450,Lancaster2,PA,"MidAtlantic"
3451,Lancaster,OH,"East north central"
3470,Lansing,MI,"East north central"
3471,Lansingburgh,NY,"MidAtlantic"
3480,Laredo,TX,"West south central"
3481,Latrobe,PA,"MidAtlantic"
3482,Laurel,MS,"East south central"
3490,"Las Vegas",NV,"Mountain"
3510,Lawrence1,MA,"New England"
3511,Lawrence,KS,"West north central"
3512,Lawton,OK,"West south central"
3513,Leadville,CO,"Mountain"
3520,Leavenworth,KS,"West north central"
3521,Lebanon1,PA,"MidAtlantic"
3522,Leominster,MA,"New England"
3530,Lehigh,PA,"MidAtlantic"
3540,Lebanon,PA,"MidAtlantic"
3550,Lewiston,ME,"New England"
3551,Lewistown,PA,"MidAtlantic"
3570,Lexington,KY,"East south central"
3590,Lexington-Fayette,KY,"East south central"
3610,Lima,OH,"East north central"
3630,Lincoln1,NE,"West north central"
3631,Lincoln2,IL,"East north central"
3632,"Lincoln Park",MI,"East north central"
3633,Lincoln,RI,"New England"
3634,Linden,NJ,"MidAtlantic"
3635,"Little Falls",NY,"MidAtlantic"
3638,Lodi,NJ,"MidAtlantic"
3639,Logansport,IN,"East north central"
3650,"Little Rock",AR,"West south central"
3670,Livonia,MI,"East north central"
3680,Lockport,NY,"MidAtlantic"
3690,"Long Beach",CA,"Pacific"
3691,"Long Branch",NJ,"MidAtlantic"
3692,"Long Island City",NY,"MidAtlantic"
3693,Longview,WA,"Pacific"
3710,Lorain,OH,"East north central"
3730,"Los Angeles",CA,"Pacific"
3750,Louisville,KY,"East south central"
3770,Lowell,MA,"New England"
3771,Lubbock,TX,"West south central"
3772,Lynbrook,NY,"MidAtlantic"
3790,Lynchburg,VA,"South Atlantic"
3810,Lynn,MA,"New England"
3830,Macon,GA,"South Atlantic"
3850,Madison1,IN,"East north central"
3870,Madison,WI,"East north central"
3871,"Mahanoy City",PA,"MidAtlantic"
3890,Malden,MA,"New England"
3891,Mamaroneck,NY,"MidAtlantic"
3910,Manchester1,NH,"New England"
3911,Manchester,CT,"New England"
3912,Manhattan,KS,"West north central"
3913,Manistee,MI,"East north central"
3914,Manitowoc,WI,"East north central"
3915,Mankato,MN,"West north central"
3930,Mansfield,OH,"East north central"
3931,Maplewood,MO,"West north central"
3932,Marietta,OH,"East north central"
3933,Marinette,WI,"East north central"
3934,Marion1,IN,"East north central"
3940,Maywood,IL,"East north central"
3950,Marion,OH,"East north central"
3951,Marlborough,MA,"New England"
3952,Marquette,MI,"East north central"
3953,Marshall,TX,"West south central"
3954,Marshalltown,IA,"West north central"
3955,"Martins Ferry",OH,"East north central"
3956,Martinsburg,WV,"South Atlantic"
3957,"Mason City",IA,"West north central"
3958,Massena,NY,"MidAtlantic"
3959,Massillon,OH,"East north central"
3960,McAllen,TX,"West south central"
3961,Mattoon,IL,"East north central"
3962,Mcalester,OK,"West south central"
3963,Mccomb,MS,"East south central"
3964,"Mckees Rocks",PA,"MidAtlantic"
3970,McKeesport,PA,"MidAtlantic"
3971,Meadville,PA,"MidAtlantic"
3990,Medford1,MA,"New England"
3991,Medford,OR,"Pacific"
3992,Melrose,MA,"New England"
3993,"Melrose Park",IL,"East north central"
4010,Memphis,TN,"East south central"
4011,Menominee,MI,"East north central"
4030,Meriden,CT,"New England"
4040,Meridian,MS,"East south central"
4041,Methuen,MA,"New England"
4050,Mesa,AZ,"Mountain"
4070,Mesquite,TX,"West south central"
4090,Metairie,LA,"West south central"
4110,Miami,FL,"South Atlantic"
4120,"Michigan City",IN,"East north central"
4121,Middlesborough,KY,"East south central"
4122,Middletown1,CT,"New England"
4123,Middletown2,NY,"MidAtlantic"
4124,Middletown,OH,"East north central"
4125,Milford1,CT,"New England"
4126,Milford,MA,"New England"
4127,Millville,NJ,"MidAtlantic"
4128,Milton,MA,"New England"
4130,Milwaukee,WI,"East north central"
4150,Minneapolis,MN,"West north central"
4151,Minot,ND,"ND"
4160,Mishawaka,IN,"East north central"
4161,Missoula,MT,"Mountain"
4162,Mitchell,SD,"West north central"
4163,Moberly,MO,"West north central"
4170,Mobile,AL,"East south central"
4190,Modesto,CA,"Pacific"
4210,Moline,IL,"East north central"
4211,Monessen,PA,"MidAtlantic"
4212,Monroe,MI,"East north central"
4213,Monroe1,LA,"West south central"
4214,Monrovia,CA,"Pacific"
4230,Montclair,NJ,"MidAtlantic"
4250,Montgomery,AL,"East south central"
4251,Morgantown,WV,"South Atlantic"
4252,Morristown,NJ,"MidAtlantic"
4253,Moundsville,WV,"South Atlantic"
4254,"Mount Arlington",NJ,"MidAtlantic"
4255,"Mount Carmel",PA,"MidAtlantic"
4256,"Mount Clemens",MI,"East north central"
4270,"Moreno Valley",CA,"Pacific"
4290,"Mount Vernon1",NY,"MidAtlantic"
4291,"Mount Vernon",IL,"East north central"
4310,Muncie,IN,"East north central"
4311,Munhall,PA,"MidAtlantic"
4312,Murphysboro,IL,"East north central"
4313,Muscatine,IA,"West north central"
4330,Muskegon,MI,"East north central"
4331,"Muskegon Heights",MI,"East north central"
4350,Muskogee,OK,"West south central"
4351,Nanticoke,PA,"MidAtlantic"
4370,Nantucket,MA,"New England"
4390,Nashua,NH,"New England"
4410,Nashville-Davidson,TN,"East south central"
4411,Nashville,TN,"East south central"
4413,Natchez,MS,"East south central"
4414,Natick,MA,"New England"
4415,Naugatuck,CT,"New England"
4416,Needham,MA,"New England"
4430,"New Albany",IN,"East north central"
4450,"New Bedford",MA,"New England"
4451,"New Bern",NC,"South Atlantic"
4452,"New Brighton",NY,"MidAtlantic"
4470,"New Britain",CT,"New England"
4490,"New Brunswick",NJ,"MidAtlantic"
4510,"New Castle1",PA,"MidAtlantic"
4511,"New Castle",IN,"East north central"
4530,"New Haven",CT,"New England"
4550,"New London",CT,"New England"
4570,"New Orleans",LA,"West south central"
4571,"New Philadelphia",OH,"East north central"
4590,"New Rochelle",NY,"MidAtlantic"
4610,"New York",NY,"MidAtlantic"
4611,Brooklyn,NY,"MidAtlantic"
4630,Newark,NJ,"MidAtlantic"
4650,Newark1,OH,"East north central"
4670,Newburgh,NY,"MidAtlantic"
4690,Newburyport,MA,"New England"
4710,Newport1,KY,"East south central"
4730,Newport,RI,"New England"
4750,"Newport News",VA,"South Atlantic"
4770,Newton1,MA,"New England"
4771,Newton2,IA,"West north central"
4772,Newton,KS,"West north central"
4790,"Niagara Falls",NY,"MidAtlantic"
4791,Niles1,MI,"East north central"
4792,Niles,OH,"East north central"
4810,Norfolk1,VA,"South Atlantic"
4811,Norfolk,NE,"West north central"
4820,"North Las Vegas",NV,"Mountain"
4830,"Norristown Borough",PA,"MidAtlantic"
4831,"North Adams",MA,"New England"
4832,"North Attleborough",MA,"New England"
4833,"North Bennington",VT,"New England"
4834,"North Braddock",PA,"MidAtlantic"
4835,"North Branford",CT,"New England"
4836,"North Haven",CT,"New England"
4837,"North Little Rock",AR,"West south central"
4838,"North Platte",NE,"West north central"
4839,"North Providence",RI,"New England"
4840,Northampton,MA,"New England"
4841,"North Tonawanda",NY,"MidAtlantic"
4842,"North Yakima",WA,"Pacific"
4843,Northbridge,MA,"New England"
4850,"North Providence1",RI,"New England"
4860,Norwalk1,CA,"Pacific"
4870,Norwalk,CT,"New England"
4890,Norwich,CT,"New England"
4900,Norwood,OH,"East north central"
4901,Norwood1,MA,"New England"
4902,Nutley,NJ,"MidAtlantic"
4930,Oakland,CA,"Pacific"
4950,Oceanside,CA,"Pacific"
4970,Ogden,UT,"Mountain"
4971,Ogdensburg,NY,"MidAtlantic"
4972,"Oil City",PA,"MidAtlantic"
4990,"Oklahoma City",OK,"West south central"
4991,Okmulgee,OK,"West south central"
4992,"Old Bennington",VT,"New England"
4993,"Old Forge",PA,"MidAtlantic"
4994,Olean,NY,"MidAtlantic"
4995,Olympia,WA,"Pacific"
4996,Olyphant,PA,"MidAtlantic"
5010,Omaha,NE,"West north central"
5011,Oneida,NY,"MidAtlantic"
5012,Oneonta,NY,"MidAtlantic"
5030,Ontario,CA,"Pacific"
5040,Orange1,CA,"Pacific"
5050,Orange2,NJ,"MidAtlantic"
5051,Orange,CT,"New England"
5070,Orlando,FL,"South Atlantic"
5090,Oshkosh,WI,"East north central"
5091,Oskaloosa,IA,"West north central"
5092,Ossining,NY,"MidAtlantic"
5110,Oswego,NY,"MidAtlantic"
5111,Ottawa,IL,"East north central"
5112,Ottumwa,IA,"West north central"
5113,Owensboro,KY,"East south central"
5114,Owosso,MI,"East north central"
5116,Painesville,OH,"East north central"
5117,Palestine,TX,"West south central"
5118,"Palo Alto",CA,"Pacific"
5119,Pampa,TX,"West south central"
5121,Paris,TX,"West south central"
5122,"Park Ridge",IL,"East north central"
5123,Parkersburg,WV,"South Atlantic"
5124,Parma,OH,"East north central"
5125,Parsons,KS,"West north central"
5130,Oxnard,CA,"Pacific"
5140,Palmdale,CA,"Pacific"
5150,Pasadena1,CA,"Pacific"
5170,Pasadena,TX,"West south central"
5180,Paducah,KY,"East south central"
5190,Passaic,NJ,"MidAtlantic"
5210,Paterson,NJ,"MidAtlantic"
5230,Pawtucket,RI,"New England"
5231,Peabody,MA,"New England"
5232,Peekskill,NY,"MidAtlantic"
5233,Pekin,IL,"East north central"
5250,Pensacola,FL,"South Atlantic"
5270,Peoria,IL,"East north central"
5271,"Peoria Heights",IL,"East north central"
5290,"Perth Amboy",NJ,"MidAtlantic"
5291,Peru,IN,"East north central"
5310,Petersburg,VA,"South Atlantic"
5311,"Phenix City",AL,"East south central"
5330,Philadelphia,PA,"MidAtlantic"
5341,Phillipsburg,NJ,"MidAtlantic"
5350,Phoenix,AZ,"Mountain"
5351,Phoenixville,PA,"MidAtlantic"
5352,"Pine Bluff",AR,"West south central"
5353,Piqua,OH,"East north central"
5354,Pittsburg,KS,"West north central"
5370,Pittsburgh,PA,"MidAtlantic"
5390,Pittsfield,MA,"New England"
5391,Pittston,PA,"MidAtlantic"
5410,Plainfield,NJ,"MidAtlantic"
5411,Plattsburg,NY,"MidAtlantic"
5412,Pleasantville,NJ,"MidAtlantic"
5413,Plymouth,PA,"MidAtlantic"
5414,Plymouth1,MA,"New England"
5415,Pocatello,ID,"Mountain"
5430,Plano,TX,"West south central"
5450,Pomona,CA,"Pacific"
5451,"Ponca City",OK,"West south central"
5460,Ponce,PR,"South Atlantic"
5470,Pontiac,MI,"East north central"
5471,"Port Angeles",WA,"Pacific"
5480,"Port Arthur",TX,"West south central"
5481,"Port Chester",NY,"MidAtlantic"
5490,"Port Huron",MI,"East north central"
5491,"Port Jervis",NY,"MidAtlantic"
5510,Portland1,ME,"New England"
5511,Portland2,IL,"East north central"
5530,Portland,OR,"Pacific"
5550,Portsmouth1,NH,"New England"
5570,Portsmouth,OH,"East north central"
5590,Portsmouth2,VA,"South Atlantic"
5591,Pottstown,PA,"MidAtlantic"
5610,Pottsville,PA,"MidAtlantic"
5630,Poughkeepsie,NY,"MidAtlantic"
5650,Providence,RI,"New England"
5660,Provo,UT,"Mountain"
5670,Pueblo,CO,"Mountain"
5671,Punxsutawney,PA,"MidAtlantic"
5690,Quincy1,IL,"East north central"
5710,Quincy,MA,"New England"
5730,Racine,WI,"East north central"
5731,Rahway,NJ,"MidAtlantic"
5750,Raleigh,NC,"South Atlantic"
5751,Ranger,TX,"West south central"
5752,"Rapid City",SD,"West north central"
5770,"Rancho Cucamonga",CA,"Pacific"
5790,Reading,PA,"MidAtlantic"
5791,"Red Bank",NJ,"MidAtlantic"
5792,Redlands,CA,"Pacific"
5810,Reno,NV,"Mountain"
5811,Rensselaer,NY,"MidAtlantic"
5830,Revere,MA,"New England"
5850,Richmond2,IN,"East north central"
5870,Richmond1,VA,"South Atlantic"
5871,Richmond,CA,"Pacific"
5872,"Ridgefield Park",NJ,"MidAtlantic"
5873,Ridgewood,NJ,"MidAtlantic"
5874,"River Rouge",MI,"East north central"
5890,Riverside,CA,"Pacific"
5910,Roanoke,VA,"South Atlantic"
5930,Rochester1,NY,"MidAtlantic"
5931,Rochester2,NH,"New England"
5932,Rochester,MN,"West north central"
5933,"Rock Hill",SC,"South Atlantic"
5950,"Rock Island",IL,"East north central"
5970,Rockford,IL,"East north central"
5971,Rockland,ME,"New England"
5972,Rockton,IL,"East north central"
5973,"Rockville Centre",NY,"MidAtlantic"
5974,"Rocky Mount",NC,"South Atlantic"
5990,Rome1,NY,"MidAtlantic"
5991,Rome,GA,"South Atlantic"
5992,Roosevelt,NJ,"MidAtlantic"
5993,Roselle,NJ,"MidAtlantic"
5994,Roswell,NM,"Mountain"
6010,Roxbury,MA,"New England"
6011,"Royal Oak",MI,"East north central"
6012,"Rumford Falls",ME,"New England"
6013,Rutherford,NJ,"MidAtlantic"
6014,Rutland,VT,"New England"
6030,Sacramento,CA,"Pacific"
6050,Saginaw,MI,"East north central"
6070,"Saint Joseph",MO,"West north central"
6090,"Saint Louis",MO,"West north central"
6110,"Saint Paul",MN,"West north central"
6130,"Saint Petersburg",FL,"South Atlantic"
6150,Salem1,MA,"New England"
6170,Salem2,OR,"Pacific"
6171,Salem3,OH,"East north central"
6172,Salina,KS,"West north central"
6190,Salinas,CA,"Pacific"
6191,Salisbury1,NC,"South Atlantic"
6192,Salisbury,MD,"South Atlantic"
6210,"Salt Lake City",UT,"Mountain"
6211,"San Angelo1",TX,"West south central"
6220,"San Angelo",TX,"West south central"
6230,"San Antonio",TX,"West south central"
6231,"San Benito",TX,"West south central"
6250,"San Bernadino",CA,"Pacific"
6260,"San Buenaventura (Ventura)",CA,"Pacific"
6270,"San Diego",CA,"Pacific"
6280,Sandusky,OH,"East north central"
6281,Sanford,FL,"South Atlantic"
6282,Sanford1,ME,"New England"
6290,"San Francisco",CA,"Pacific"
6300,"San Juan",PR,"South Atlantic"
6310,"San Jose",CA,"Pacific"
6311,"San Leandro",CA,"Pacific"
6312,"San Mateo",CA,"Pacific"
6320,"Santa Barbara",CA,"Pacific"
6321,"Santa Cruz",CA,"Pacific"
6322,"Santa Fe",NM,"Mountain"
6330,"Santa Ana",CA,"Pacific"
6340,"Santa Clarita",CA,"Pacific"
6350,"Santa Rosa",CA,"Pacific"
6351,Sapulpa,OK,"West south central"
6352,"Saratoga Springs",NY,"MidAtlantic"
6353,Saugus,MA,"New England"
6354,"Sault Ste. Marie",MI,"East north central"
6360,"Santa Monica",CA,"Pacific"
6370,Savannah,GA,"South Atlantic"
6390,Schenectedy,NY,"MidAtlantic"
6410,Scranton,PA,"MidAtlantic"
6430,Seattle,WA,"Pacific"
6431,Sedalia,MO,"West north central"
6432,Selma,AL,"East south central"
6433,Seminole,OK,"West south central"
6434,"Shaker Heights",OH,"East north central"
6435,Shamokin,PA,"MidAtlantic"
6437,Sharpsville,PA,"MidAtlantic"
6438,Shawnee,OK,"West south central"
6440,Sharon,PA,"MidAtlantic"
6450,Sheboygan,WI,"East north central"
6451,Shelby,NC,"South Atlantic"
6452,Shelbyville,IN,"East north central"
6453,Shelton,CT,"New England"
6470,"Shenandoah Borough",PA,"MidAtlantic"
6471,Sherman,TX,"West south central"
6472,Shorewood,WI,"East north central"
6490,Shreveport,LA,"West south central"
6500,"Simi Valley",CA,"Pacific"
6510,"Sioux City",IA,"West north central"
6530,"Sioux Falls",SD,"West north central"
6550,Smithfield,"RI (1850)","New England"
6570,Somerville,MA,"New England"
6590,"South Bend",IN,"East north central"
6591,"South Bethlehem",PA,"MidAtlantic"
6592,"South Boise",ID,"Mountain"
6593,"South Gate",CA,"Pacific"
6594,"South Milwaukee",WI,"East north central"
6595,"South Norwalk",CT,"New England"
6610,"South Omaha",NE,"West north central"
6611,"South Orange",NJ,"MidAtlantic"
6612,"South Pasadena",CA,"Pacific"
6613,"South Pittsburgh",PA,"MidAtlantic"
6614,"South Portland",ME,"New England"
6615,"South River",NJ,"MidAtlantic"
6616,"South St. Paul",MN,"West north central"
6617,Southbridge,MA,"New England"
6620,Spartanburg,SC,"South Atlantic"
6630,Spokane,WA,"Pacific"
6650,Springfield,IL,"East north central"
6670,Springfield2,MA,"New England"
6690,Springfield1,MO,"West north central"
6691,"St. Augustine",FL,"South Atlantic"
6692,"St. Charles",MO,"West north central"
6693,"St. Cloud",MN,"West north central"
6710,Springfield3,OH,"East north central"
6730,Stamford,CT,"New England"
6731,Statesville,NC,"South Atlantic"
6732,Staunton,VA,"South Atlantic"
6733,Steelton,PA,"MidAtlantic"
6734,Sterling,IL,"East north central"
6750,"Sterling Heights",MI,"East north central"
6770,Steubenville,OH,"East north central"
6771,"Stevens Point",WI,"East north central"
6772,Stillwater,MN,"West north central"
6790,Stockton,CA,"Pacific"
6791,Stoneham,MA,"New England"
6792,Stonington,CT,"New England"
6793,Stratford,CT,"New England"
6794,Streator,IL,"East north central"
6795,Struthers,OH,"East north central"
6796,Suffolk,VA,"South Atlantic"
6797,Summit,NJ,"MidAtlantic"
6798,Sumter,SC,"South Atlantic"
6799,Sunbury,PA,"MidAtlantic"
6810,Sunnyvale,CA,"Pacific"
6830,Superior,WI,"East north central"
6831,Swampscott,MA,"New England"
6832,Sweetwater,TX,"West south central"
6833,Swissvale,PA,"MidAtlantic"
6850,Syracuse,NY,"MidAtlantic"
6870,Tacoma,WA,"Pacific"
6871,Tallahassee,FL,"South Atlantic"
6872,Tamaqua,PA,"MidAtlantic"
6890,Tampa,FL,"South Atlantic"
6910,Taunton,MA,"New England"
6911,Taylor,PA,"MidAtlantic"
6912,Temple,TX,"West south central"
6930,Tempe,AZ,"Mountain"
6950,"Terre Haute",IN,"East north central"
6951,Texarkana,TX,"West south central"
6952,Thomasville1,GA,"South Atlantic"
6953,Thomasville,NC,"South Atlantic"
6954,Tiffin,OH,"East north central"
6960,"Thousand Oaks",CA,"Pacific"
6970,Toledo,OH,"East north central"
6971,Tonawanda,NY,"MidAtlantic"
6990,Topeka,KS,"West north central"
6991,Torrington,CT,"New England"
6992,"Traverse City",MI,"East north central"
7000,Torrance,CA,"Pacific"
7010,Trenton,NJ,"MidAtlantic"
7011,Trinidad,CO,"Mountain"
7030,Troy,NY,"MidAtlantic"
7050,Tucson,AZ,"Mountain"
7070,Tulsa,OK,"West south central"
7071,"Turtle Creek",PA,"MidAtlantic"
