IDO,OCCUPATION,BRANCH,SUBCATEGORY,CATEGORY
0,"N/A (Under 16 years or not in the labor force, who last worked more than 5 years ago--also see code 992)",N/A,N/A,"N/A"
1,"Chief Executives","Management Occupations","Management, business and financial operations occupations","MANAGEMENT, PROFESSIONAL AND RELATED OCCUPATIONS"
2,"General and Operations Managers","Management Occupations","Management, business and financial operations occupations","MANAGEMENT, PROFESSIONAL AND RELATED OCCUPATIONS"
3,Legislators,"Management Occupations","Management, business and financial operations occupations","MANAGEMENT, PROFESSIONAL AND RELATED OCCUPATIONS"
4,"Advertising and Promotions Managers","Management Occupations","Management, business and financial operations occupations","MANAGEMENT, PROFESSIONAL AND RELATED OCCUPATIONS"
5,"Marketing and Sales Managers","Management Occupations","Management, business and financial operations occupations","MANAGEMENT, PROFESSIONAL AND RELATED OCCUPATIONS"
6,"Public Relations Managers","Management Occupations","Management, business and financial operations occupations","MANAGEMENT, PROFESSIONAL AND RELATED OCCUPATIONS"
10,"Administrative Services Managers","Management Occupations","Management, business and financial operations occupations","MANAGEMENT, PROFESSIONAL AND RELATED OCCUPATIONS"
11,"Computer and Information Systems Managers","Management Occupations","Management, business and financial operations occupations","MANAGEMENT, PROFESSIONAL AND RELATED OCCUPATIONS"
12,"Financial Managers","Management Occupations","Management, business and financial operations occupations","MANAGEMENT, PROFESSIONAL AND RELATED OCCUPATIONS"
13,"Human Resources Managers","Management Occupations","Management, business and financial operations occupations","MANAGEMENT, PROFESSIONAL AND RELATED OCCUPATIONS"
14,"Industrial Production Managers","Management Occupations","Management, business and financial operations occupations","MANAGEMENT, PROFESSIONAL AND RELATED OCCUPATIONS"
15,"Purchasing Managers","Management Occupations","Management, business and financial operations occupations","MANAGEMENT, PROFESSIONAL AND RELATED OCCUPATIONS"
16,"Transportation, Storage, and Distribution Managers","Management Occupations","Management, business and financial operations occupations","MANAGEMENT, PROFESSIONAL AND RELATED OCCUPATIONS"
20,"Farm, Ranch, and Other Agricultural Managers","Management Occupations","Management, business and financial operations occupations","MANAGEMENT, PROFESSIONAL AND RELATED OCCUPATIONS"
21,"Farmers and Ranchers","Management Occupations","Management, business and financial operations occupations","MANAGEMENT, PROFESSIONAL AND RELATED OCCUPATIONS"
22,"Construction Managers","Management Occupations","Management, business and financial operations occupations","MANAGEMENT, PROFESSIONAL AND RELATED OCCUPATIONS"
23,"Education Administrator","Management Occupations","Management, business and financial operations occupations","MANAGEMENT, PROFESSIONAL AND RELATED OCCUPATIONS"
30,"Engineering Managers","Management Occupations","Management, business and financial operations occupations","MANAGEMENT, PROFESSIONAL AND RELATED OCCUPATIONS"
31,"Food Service Managers","Management Occupations","Management, business and financial operations occupations","MANAGEMENT, PROFESSIONAL AND RELATED OCCUPATIONS"
32,"Funeral Directors","Management Occupations","Management, business and financial operations occupations","MANAGEMENT, PROFESSIONAL AND RELATED OCCUPATIONS"
33,"Gaming Managers","Management Occupations","Management, business and financial operations occupations","MANAGEMENT, PROFESSIONAL AND RELATED OCCUPATIONS"
34,"Lodging Managers","Management Occupations","Management, business and financial operations occupations","MANAGEMENT, PROFESSIONAL AND RELATED OCCUPATIONS"
35,"Medical and Health Services Managers","Management Occupations","Management, business and financial operations occupations","MANAGEMENT, PROFESSIONAL AND RELATED OCCUPATIONS"
36,"Natural Sciences Managers","Management Occupations","Management, business and financial operations occupations","MANAGEMENT, PROFESSIONAL AND RELATED OCCUPATIONS"
40,"Postmasters and Mail Superintendents","Management Occupations","Management, business and financial operations occupations","MANAGEMENT, PROFESSIONAL AND RELATED OCCUPATIONS"
41,"Property, Real Estate, and Community Association Managers","Management Occupations","Management, business and financial operations occupations","MANAGEMENT, PROFESSIONAL AND RELATED OCCUPATIONS"
42,"Social and Community Service Managers","Management Occupations","Management, business and financial operations occupations","MANAGEMENT, PROFESSIONAL AND RELATED OCCUPATIONS"
43,"Managers, All Other","Management Occupations","Management, business and financial operations occupations","MANAGEMENT, PROFESSIONAL AND RELATED OCCUPATIONS"
50,"Agents and Business Managers of Artists, Performers, and Athletes","Business Operations Specialists","Management, business and financial operations occupations","MANAGEMENT, PROFESSIONAL AND RELATED OCCUPATIONS"
51,"Purchasing Agents and Buyers, Farm Products","Business Operations Specialists","Management, business and financial operations occupations","MANAGEMENT, PROFESSIONAL AND RELATED OCCUPATIONS"
52,"Wholesale and Retail Buyers, Except Farm Products","Business Operations Specialists","Management, business and financial operations occupations","MANAGEMENT, PROFESSIONAL AND RELATED OCCUPATIONS"
53,"Purchasing Agents, Except Wholesale, Retail, and Farm Products","Business Operations Specialists","Management, business and financial operations occupations","MANAGEMENT, PROFESSIONAL AND RELATED OCCUPATIONS"
54,"Claims Adjusters, Appraisers, Examiners, and Investigators","Business Operations Specialists","Management, business and financial operations occupations","MANAGEMENT, PROFESSIONAL AND RELATED OCCUPATIONS"
55,"Not used","Business Operations Specialists","Management, business and financial operations occupations","MANAGEMENT, PROFESSIONAL AND RELATED OCCUPATIONS"
56,"Compliance Officers, Except Agriculture, Construction, Health and Safety, and Transportation","Business Operations Specialists","Management, business and financial operations occupations","MANAGEMENT, PROFESSIONAL AND RELATED OCCUPATIONS"
60,"Cost Estimators","Business Operations Specialists","Management, business and financial operations occupations","MANAGEMENT, PROFESSIONAL AND RELATED OCCUPATIONS"
61,"Not used","Business Operations Specialists","Management, business and financial operations occupations","MANAGEMENT, PROFESSIONAL AND RELATED OCCUPATIONS"
62,"Human Resources, Training, and Labor Relations Specialists","Business Operations Specialists","Management, business and financial operations occupations","MANAGEMENT, PROFESSIONAL AND RELATED OCCUPATIONS"
70,Logisticians,"Business Operations Specialists","Management, business and financial operations occupations","MANAGEMENT, PROFESSIONAL AND RELATED OCCUPATIONS"
71,"Management Analysts","Business Operations Specialists","Management, business and financial operations occupations","MANAGEMENT, PROFESSIONAL AND RELATED OCCUPATIONS"
72,"Meeting and Convention Planners","Business Operations Specialists","Management, business and financial operations occupations","MANAGEMENT, PROFESSIONAL AND RELATED OCCUPATIONS"
73,"Other Business Operations Specialists ","Business Operations Specialists","Management, business and financial operations occupations","MANAGEMENT, PROFESSIONAL AND RELATED OCCUPATIONS"
80,"Accountants and Auditors","Financial Specialists","Management, business and financial operations occupations","MANAGEMENT, PROFESSIONAL AND RELATED OCCUPATIONS"
81,"Appraisers and Assessors of Real Estate","Financial Specialists","Management, business and financial operations occupations","MANAGEMENT, PROFESSIONAL AND RELATED OCCUPATIONS"
82,"Budget Analysts","Financial Specialists","Management, business and financial operations occupations","MANAGEMENT, PROFESSIONAL AND RELATED OCCUPATIONS"
83,"Credit Analysts","Financial Specialists","Management, business and financial operations occupations","MANAGEMENT, PROFESSIONAL AND RELATED OCCUPATIONS"
84,"Financial Analysts","Financial Specialists","Management, business and financial operations occupations","MANAGEMENT, PROFESSIONAL AND RELATED OCCUPATIONS"
85,"Personal Financial Advisors","Financial Specialists","Management, business and financial operations occupations","MANAGEMENT, PROFESSIONAL AND RELATED OCCUPATIONS"
86,"Insurance Underwriters","Financial Specialists","Management, business and financial operations occupations","MANAGEMENT, PROFESSIONAL AND RELATED OCCUPATIONS"
90,"Financial Examiners","Financial Specialists","Management, business and financial operations occupations","MANAGEMENT, PROFESSIONAL AND RELATED OCCUPATIONS"
91,"Loan Counselors and Officers","Financial Specialists","Management, business and financial operations occupations","MANAGEMENT, PROFESSIONAL AND RELATED OCCUPATIONS"
92,"Not used","Financial Specialists","Management, business and financial operations occupations","MANAGEMENT, PROFESSIONAL AND RELATED OCCUPATIONS"
93,"Tax Examiners, Collectors, and Revenue Agents","Financial Specialists","Management, business and financial operations occupations","MANAGEMENT, PROFESSIONAL AND RELATED OCCUPATIONS"
94,"Tax Preparers","Financial Specialists","Management, business and financial operations occupations","MANAGEMENT, PROFESSIONAL AND RELATED OCCUPATIONS"
95,"Financial Specialists, All Other","Financial Specialists","Management, business and financial operations occupations","MANAGEMENT, PROFESSIONAL AND RELATED OCCUPATIONS"
100,"Computer Scientists and Systems Analysts","Computer and Mathematical Occupations","Professional and related occupations","MANAGEMENT, PROFESSIONAL AND RELATED OCCUPATIONS"
101,"Computer Programmers","Computer and Mathematical Occupations","Professional and related occupations","MANAGEMENT, PROFESSIONAL AND RELATED OCCUPATIONS"
102,"Computer Software Engineers","Computer and Mathematical Occupations","Professional and related occupations","MANAGEMENT, PROFESSIONAL AND RELATED OCCUPATIONS"
103,"Not used","Computer and Mathematical Occupations","Professional and related occupations","MANAGEMENT, PROFESSIONAL AND RELATED OCCUPATIONS"
104,"Computer Support Specialists","Computer and Mathematical Occupations","Professional and related occupations","MANAGEMENT, PROFESSIONAL AND RELATED OCCUPATIONS"
105,"Not used","Computer and Mathematical Occupations","Professional and related occupations","MANAGEMENT, PROFESSIONAL AND RELATED OCCUPATIONS"
106,"Database Administrators","Computer and Mathematical Occupations","Professional and related occupations","MANAGEMENT, PROFESSIONAL AND RELATED OCCUPATIONS"
110,"Network and Computer Systems Administrators","Computer and Mathematical Occupations","Professional and related occupations","MANAGEMENT, PROFESSIONAL AND RELATED OCCUPATIONS"
111,"Network Systems and Data Communication Analysts","Computer and Mathematical Occupations","Professional and related occupations","MANAGEMENT, PROFESSIONAL AND RELATED OCCUPATIONS"
120,Actuaries,"Computer and Mathematical Occupations","Professional and related occupations","MANAGEMENT, PROFESSIONAL AND RELATED OCCUPATIONS"
121,Mathematicians,"Computer and Mathematical Occupations","Professional and related occupations","MANAGEMENT, PROFESSIONAL AND RELATED OCCUPATIONS"
122,"Operations Research Analysts","Computer and Mathematical Occupations","Professional and related occupations","MANAGEMENT, PROFESSIONAL AND RELATED OCCUPATIONS"
123,Statisticians,"Computer and Mathematical Occupations","Professional and related occupations","MANAGEMENT, PROFESSIONAL AND RELATED OCCUPATIONS"
124,"Miscellaneous Mathematical Science Occupations, Including Mathematicians and Statisticians","Computer and Mathematical Occupations","Professional and related occupations","MANAGEMENT, PROFESSIONAL AND RELATED OCCUPATIONS"
130,"Architects, Except Naval","Architecture and Engineering Occupations","Professional and related occupations","MANAGEMENT, PROFESSIONAL AND RELATED OCCUPATIONS"
131,"Surveyors, Cartographers, and Photogrammetrists","Architecture and Engineering Occupations","Professional and related occupations","MANAGEMENT, PROFESSIONAL AND RELATED OCCUPATIONS"
132,"Aerospace Engineers","Architecture and Engineering Occupations","Professional and related occupations","MANAGEMENT, PROFESSIONAL AND RELATED OCCUPATIONS"
133,"Agricultural Engineers","Architecture and Engineering Occupations","Professional and related occupations","MANAGEMENT, PROFESSIONAL AND RELATED OCCUPATIONS"
134,"Biomedical Engineers","Architecture and Engineering Occupations","Professional and related occupations","MANAGEMENT, PROFESSIONAL AND RELATED OCCUPATIONS"
135,"Chemical Engineers","Architecture and Engineering Occupations","Professional and related occupations","MANAGEMENT, PROFESSIONAL AND RELATED OCCUPATIONS"
136,"Civil Engineers","Architecture and Engineering Occupations","Professional and related occupations","MANAGEMENT, PROFESSIONAL AND RELATED OCCUPATIONS"
140,"Computer Hardware Engineers","Architecture and Engineering Occupations","Professional and related occupations","MANAGEMENT, PROFESSIONAL AND RELATED OCCUPATIONS"
141,"Electrical and Electronics Engineers","Architecture and Engineering Occupations","Professional and related occupations","MANAGEMENT, PROFESSIONAL AND RELATED OCCUPATIONS"
142,"Environmental Engineers","Architecture and Engineering Occupations","Professional and related occupations","MANAGEMENT, PROFESSIONAL AND RELATED OCCUPATIONS"
143,"Industrial Engineers, Including Health and Safety","Architecture and Engineering Occupations","Professional and related occupations","MANAGEMENT, PROFESSIONAL AND RELATED OCCUPATIONS"
144,"Marine Engineers","Architecture and Engineering Occupations","Professional and related occupations","MANAGEMENT, PROFESSIONAL AND RELATED OCCUPATIONS"
145,"Materials Engineers","Architecture and Engineering Occupations","Professional and related occupations","MANAGEMENT, PROFESSIONAL AND RELATED OCCUPATIONS"
146,"Mechanical Engineers","Architecture and Engineering Occupations","Professional and related occupations","MANAGEMENT, PROFESSIONAL AND RELATED OCCUPATIONS"
150,"Mining and Geological Engineers, Including Mining Safety Engineers","Architecture and Engineering Occupations","Professional and related occupations","MANAGEMENT, PROFESSIONAL AND RELATED OCCUPATIONS"
151,"Nuclear Engineers","Architecture and Engineering Occupations","Professional and related occupations","MANAGEMENT, PROFESSIONAL AND RELATED OCCUPATIONS"
152,"Petroleum, Mining and Geological Engineers, Including Mining Safety Engineers","Architecture and Engineering Occupations","Professional and related occupations","MANAGEMENT, PROFESSIONAL AND RELATED OCCUPATIONS"
153,"Miscellaneous Engineers, Including Agricultural and Biomedical","Architecture and Engineering Occupations","Professional and related occupations","MANAGEMENT, PROFESSIONAL AND RELATED OCCUPATIONS"
154,Drafters,"Architecture and Engineering Occupations","Professional and related occupations","MANAGEMENT, PROFESSIONAL AND RELATED OCCUPATIONS"
155,"Engineering Technicians, Except Drafters","Architecture and Engineering Occupations","Professional and related occupations","MANAGEMENT, PROFESSIONAL AND RELATED OCCUPATIONS"
156,"Surveying and Mapping Technicians","Architecture and Engineering Occupations","Professional and related occupations","MANAGEMENT, PROFESSIONAL AND RELATED OCCUPATIONS"
160,"Agricultural and Food Scientists","Life, Physical, and Social Science Occupations ","Professional and related occupations","MANAGEMENT, PROFESSIONAL AND RELATED OCCUPATIONS"
161,"Biological Scientists","Life, Physical, and Social Science Occupations ","Professional and related occupations","MANAGEMENT, PROFESSIONAL AND RELATED OCCUPATIONS"
164,"Conservation Scientists and Foresters","Life, Physical, and Social Science Occupations ","Professional and related occupations","MANAGEMENT, PROFESSIONAL AND RELATED OCCUPATIONS"
165,"Medical Scientists","Life, Physical, and Social Science Occupations ","Professional and related occupations","MANAGEMENT, PROFESSIONAL AND RELATED OCCUPATIONS"
170,"Astronomers and Physicists","Life, Physical, and Social Science Occupations ","Professional and related occupations","MANAGEMENT, PROFESSIONAL AND RELATED OCCUPATIONS"
171,"Atmospheric and Space Scientists","Life, Physical, and Social Science Occupations ","Professional and related occupations","MANAGEMENT, PROFESSIONAL AND RELATED OCCUPATIONS"
172,"Chemists and Materials Scientists","Life, Physical, and Social Science Occupations ","Professional and related occupations","MANAGEMENT, PROFESSIONAL AND RELATED OCCUPATIONS"
173,"Not used","Life, Physical, and Social Science Occupations ","Professional and related occupations","MANAGEMENT, PROFESSIONAL AND RELATED OCCUPATIONS"
174,"Environmental Scientists and Geoscientists","Life, Physical, and Social Science Occupations ","Professional and related occupations","MANAGEMENT, PROFESSIONAL AND RELATED OCCUPATIONS"
175,"Not used","Life, Physical, and Social Science Occupations ","Professional and related occupations","MANAGEMENT, PROFESSIONAL AND RELATED OCCUPATIONS"
176,"Physical Scientists, All Other","Life, Physical, and Social Science Occupations ","Professional and related occupations","MANAGEMENT, PROFESSIONAL AND RELATED OCCUPATIONS"
180,Economists,"Life, Physical, and Social Science Occupations ","Professional and related occupations","MANAGEMENT, PROFESSIONAL AND RELATED OCCUPATIONS"
181,"Market and Survey Researchers","Life, Physical, and Social Science Occupations ","Professional and related occupations","MANAGEMENT, PROFESSIONAL AND RELATED OCCUPATIONS"
182,Psychologists,"Life, Physical, and Social Science Occupations ","Professional and related occupations","MANAGEMENT, PROFESSIONAL AND RELATED OCCUPATIONS"
183,Sociologists,"Life, Physical, and Social Science Occupations ","Professional and related occupations","MANAGEMENT, PROFESSIONAL AND RELATED OCCUPATIONS"
184,"Urban and Regional Planners","Life, Physical, and Social Science Occupations ","Professional and related occupations","MANAGEMENT, PROFESSIONAL AND RELATED OCCUPATIONS"
185,"Not used","Life, Physical, and Social Science Occupations ","Professional and related occupations","MANAGEMENT, PROFESSIONAL AND RELATED OCCUPATIONS"
186,"Miscellaneous Social Scientists, Including Sociologists","Life, Physical, and Social Science Occupations ","Professional and related occupations","MANAGEMENT, PROFESSIONAL AND RELATED OCCUPATIONS"
190,"Agricultural and Food Science Technicians","Life, Physical, and Social Science Occupations ","Professional and related occupations","MANAGEMENT, PROFESSIONAL AND RELATED OCCUPATIONS"
191,"Biological Technicians","Life, Physical, and Social Science Occupations ","Professional and related occupations","MANAGEMENT, PROFESSIONAL AND RELATED OCCUPATIONS"
192,"Chemical Technicians","Life, Physical, and Social Science Occupations ","Professional and related occupations","MANAGEMENT, PROFESSIONAL AND RELATED OCCUPATIONS"
193,"Geological and Petroleum Technicians","Life, Physical, and Social Science Occupations ","Professional and related occupations","MANAGEMENT, PROFESSIONAL AND RELATED OCCUPATIONS"
194,"Nuclear Technicians","Life, Physical, and Social Science Occupations ","Professional and related occupations","MANAGEMENT, PROFESSIONAL AND RELATED OCCUPATIONS"
195,"Not used","Life, Physical, and Social Science Occupations ","Professional and related occupations","MANAGEMENT, PROFESSIONAL AND RELATED OCCUPATIONS"
196,"Miscellaneous Life, Physical, and Social Science Technicians, Including Social Science Research Assistants and Nuclear Technicians","Life, Physical, and Social Science Occupations ","Professional and related occupations","MANAGEMENT, PROFESSIONAL AND RELATED OCCUPATIONS"
200,Counselors,"Community and Social Services Occupations","Professional and related occupations","MANAGEMENT, PROFESSIONAL AND RELATED OCCUPATIONS"
201,"Social Workers","Community and Social Services Occupations","Professional and related occupations","MANAGEMENT, PROFESSIONAL AND RELATED OCCUPATIONS"
202,"Miscellaneous Community and Social Service Specialists","Community and Social Services Occupations","Professional and related occupations","MANAGEMENT, PROFESSIONAL AND RELATED OCCUPATIONS"
203,"Not used","Community and Social Services Occupations","Professional and related occupations","MANAGEMENT, PROFESSIONAL AND RELATED OCCUPATIONS"
204,Clergy,"Community and Social Services Occupations","Professional and related occupations","MANAGEMENT, PROFESSIONAL AND RELATED OCCUPATIONS"
205,"Directors, Religious Activities and Education","Community and Social Services Occupations","Professional and related occupations","MANAGEMENT, PROFESSIONAL AND RELATED OCCUPATIONS"
206,"Religious Workers, All Other","Community and Social Services Occupations","Professional and related occupations","MANAGEMENT, PROFESSIONAL AND RELATED OCCUPATIONS"
210,Lawyers,"Legal Occupations ","Professional and related occupations","MANAGEMENT, PROFESSIONAL AND RELATED OCCUPATIONS"
211,"Judges, Magistrates, and Other Judicial Workers","Legal Occupations ","Professional and related occupations","MANAGEMENT, PROFESSIONAL AND RELATED OCCUPATIONS"
214,"Paralegals and Legal Assistants","Legal Occupations ","Professional and related occupations","MANAGEMENT, PROFESSIONAL AND RELATED OCCUPATIONS"
215,"Miscellaneous Legal Support Workers","Legal Occupations ","Professional and related occupations","MANAGEMENT, PROFESSIONAL AND RELATED OCCUPATIONS"
220,"Postsecondary Teachers","Education, Training, and Library Occupations ","Professional and related occupations","MANAGEMENT, PROFESSIONAL AND RELATED OCCUPATIONS"
230,"Preschool and Kindergarten Teachers","Education, Training, and Library Occupations ","Professional and related occupations","MANAGEMENT, PROFESSIONAL AND RELATED OCCUPATIONS"
231,"Elementary and Middle School Teachers","Education, Training, and Library Occupations ","Professional and related occupations","MANAGEMENT, PROFESSIONAL AND RELATED OCCUPATIONS"
232,"Secondary School Teachers","Education, Training, and Library Occupations ","Professional and related occupations","MANAGEMENT, PROFESSIONAL AND RELATED OCCUPATIONS"
233,"Special Education Teachers","Education, Training, and Library Occupations ","Professional and related occupations","MANAGEMENT, PROFESSIONAL AND RELATED OCCUPATIONS"
234,"Other Teachers and Instructors","Education, Training, and Library Occupations ","Professional and related occupations","MANAGEMENT, PROFESSIONAL AND RELATED OCCUPATIONS"
240,"Archivists, Curators, and Museum Technicians","Education, Training, and Library Occupations ","Professional and related occupations","MANAGEMENT, PROFESSIONAL AND RELATED OCCUPATIONS"
243,Librarians,"Education, Training, and Library Occupations ","Professional and related occupations","MANAGEMENT, PROFESSIONAL AND RELATED OCCUPATIONS"
244,"Library Technicians","Education, Training, and Library Occupations ","Professional and related occupations","MANAGEMENT, PROFESSIONAL AND RELATED OCCUPATIONS"
254,"Teacher Assistants","Education, Training, and Library Occupations ","Professional and related occupations","MANAGEMENT, PROFESSIONAL AND RELATED OCCUPATIONS"
255,"Other Education, Training, and Library Workers","Education, Training, and Library Occupations ","Professional and related occupations","MANAGEMENT, PROFESSIONAL AND RELATED OCCUPATIONS"
260,"Artists and Related Workers","Arts, Design, Entertainment, Sports, and Media Occupations","Professional and related occupations","MANAGEMENT, PROFESSIONAL AND RELATED OCCUPATIONS"
263,Designers,"Arts, Design, Entertainment, Sports, and Media Occupations","Professional and related occupations","MANAGEMENT, PROFESSIONAL AND RELATED OCCUPATIONS"
270,Actors,"Arts, Design, Entertainment, Sports, and Media Occupations","Professional and related occupations","MANAGEMENT, PROFESSIONAL AND RELATED OCCUPATIONS"
271,"Producers and Directors","Arts, Design, Entertainment, Sports, and Media Occupations","Professional and related occupations","MANAGEMENT, PROFESSIONAL AND RELATED OCCUPATIONS"
272,"Athletes, Coaches, Umpires, and Related Workers","Arts, Design, Entertainment, Sports, and Media Occupations","Professional and related occupations","MANAGEMENT, PROFESSIONAL AND RELATED OCCUPATIONS"
273,"Not used","Arts, Design, Entertainment, Sports, and Media Occupations","Professional and related occupations","MANAGEMENT, PROFESSIONAL AND RELATED OCCUPATIONS"
274,"Dancers and Choreographers","Arts, Design, Entertainment, Sports, and Media Occupations","Professional and related occupations","MANAGEMENT, PROFESSIONAL AND RELATED OCCUPATIONS"
275,"Musicians, Singers, and Related Workers","Arts, Design, Entertainment, Sports, and Media Occupations","Professional and related occupations","MANAGEMENT, PROFESSIONAL AND RELATED OCCUPATIONS"
276,"Entertainers and Performers, Sports and Related Workers, All Other","Arts, Design, Entertainment, Sports, and Media Occupations","Professional and related occupations","MANAGEMENT, PROFESSIONAL AND RELATED OCCUPATIONS"
280,Announcers,"Arts, Design, Entertainment, Sports, and Media Occupations","Professional and related occupations","MANAGEMENT, PROFESSIONAL AND RELATED OCCUPATIONS"
281,"News Analysts, Reporters, and Correspondents","Arts, Design, Entertainment, Sports, and Media Occupations","Professional and related occupations","MANAGEMENT, PROFESSIONAL AND RELATED OCCUPATIONS"
282,"Public Relations Specialists","Arts, Design, Entertainment, Sports, and Media Occupations","Professional and related occupations","MANAGEMENT, PROFESSIONAL AND RELATED OCCUPATIONS"
283,Editors,"Arts, Design, Entertainment, Sports, and Media Occupations","Professional and related occupations","MANAGEMENT, PROFESSIONAL AND RELATED OCCUPATIONS"
284,"Technical Writers","Arts, Design, Entertainment, Sports, and Media Occupations","Professional and related occupations","MANAGEMENT, PROFESSIONAL AND RELATED OCCUPATIONS"
285,"Writers and Authors","Arts, Design, Entertainment, Sports, and Media Occupations","Professional and related occupations","MANAGEMENT, PROFESSIONAL AND RELATED OCCUPATIONS"
286,"Miscellaneous Media and Communications Workers","Arts, Design, Entertainment, Sports, and Media Occupations","Professional and related occupations","MANAGEMENT, PROFESSIONAL AND RELATED OCCUPATIONS"
290,"Broadcast and Sound Engineering Technicians and Radio Operators and Other Media and Communication Equipment Workers","Arts, Design, Entertainment, Sports, and Media Occupations","Professional and related occupations","MANAGEMENT, PROFESSIONAL AND RELATED OCCUPATIONS"
291,Photographers,"Arts, Design, Entertainment, Sports, and Media Occupations","Professional and related occupations","MANAGEMENT, PROFESSIONAL AND RELATED OCCUPATIONS"
292,"Television, Video, and Motion Picture Camera Operators and Editors","Arts, Design, Entertainment, Sports, and Media Occupations","Professional and related occupations","MANAGEMENT, PROFESSIONAL AND RELATED OCCUPATIONS"
296,"Media and Communications Workers, All Other","Arts, Design, Entertainment, Sports, and Media Occupations","Professional and related occupations","MANAGEMENT, PROFESSIONAL AND RELATED OCCUPATIONS"
300,Chiropractors,"Healthcare Practitioners and Technical Occupations","Professional and related occupations","MANAGEMENT, PROFESSIONAL AND RELATED OCCUPATIONS"
301,Dentists,"Healthcare Practitioners and Technical Occupations","Professional and related occupations","MANAGEMENT, PROFESSIONAL AND RELATED OCCUPATIONS"
302,"Not used","Healthcare Practitioners and Technical Occupations","Professional and related occupations","MANAGEMENT, PROFESSIONAL AND RELATED OCCUPATIONS"
303,"Dietitians and Nutritionists","Healthcare Practitioners and Technical Occupations","Professional and related occupations","MANAGEMENT, PROFESSIONAL AND RELATED OCCUPATIONS"
304,Optometrists,"Healthcare Practitioners and Technical Occupations","Professional and related occupations","MANAGEMENT, PROFESSIONAL AND RELATED OCCUPATIONS"
305,Pharmacists,"Healthcare Practitioners and Technical Occupations","Professional and related occupations","MANAGEMENT, PROFESSIONAL AND RELATED OCCUPATIONS"
306,"Physicians and Surgeons","Healthcare Practitioners and Technical Occupations","Professional and related occupations","MANAGEMENT, PROFESSIONAL AND RELATED OCCUPATIONS"
311,"Physician Assistants","Healthcare Practitioners and Technical Occupations","Professional and related occupations","MANAGEMENT, PROFESSIONAL AND RELATED OCCUPATIONS"
312,Podiatrists,"Healthcare Practitioners and Technical Occupations","Professional and related occupations","MANAGEMENT, PROFESSIONAL AND RELATED OCCUPATIONS"
313,"Registered Nurses","Healthcare Practitioners and Technical Occupations","Professional and related occupations","MANAGEMENT, PROFESSIONAL AND RELATED OCCUPATIONS"
314,Audiologists,"Healthcare Practitioners and Technical Occupations","Professional and related occupations","MANAGEMENT, PROFESSIONAL AND RELATED OCCUPATIONS"
315,"Occupational Therapists","Healthcare Practitioners and Technical Occupations","Professional and related occupations","MANAGEMENT, PROFESSIONAL AND RELATED OCCUPATIONS"
316,"Physical Therapists","Healthcare Practitioners and Technical Occupations","Professional and related occupations","MANAGEMENT, PROFESSIONAL AND RELATED OCCUPATIONS"
320,"Radiation Therapists","Healthcare Practitioners and Technical Occupations","Professional and related occupations","MANAGEMENT, PROFESSIONAL AND RELATED OCCUPATIONS"
321,"Recreational Therapists","Healthcare Practitioners and Technical Occupations","Professional and related occupations","MANAGEMENT, PROFESSIONAL AND RELATED OCCUPATIONS"
322,"Respiratory Therapists","Healthcare Practitioners and Technical Occupations","Professional and related occupations","MANAGEMENT, PROFESSIONAL AND RELATED OCCUPATIONS"
323,"Speech-Language Pathologists","Healthcare Practitioners and Technical Occupations","Professional and related occupations","MANAGEMENT, PROFESSIONAL AND RELATED OCCUPATIONS"
324,"Therapists, All Other","Healthcare Practitioners and Technical Occupations","Professional and related occupations","MANAGEMENT, PROFESSIONAL AND RELATED OCCUPATIONS"
325,Veterinarians,"Healthcare Practitioners and Technical Occupations","Professional and related occupations","MANAGEMENT, PROFESSIONAL AND RELATED OCCUPATIONS"
326,"Health Diagnosing and Treating Practitioners, All Other","Healthcare Practitioners and Technical Occupations","Professional and related occupations","MANAGEMENT, PROFESSIONAL AND RELATED OCCUPATIONS"
330,"Clinical Laboratory Technologists and Technicians","Healthcare Practitioners and Technical Occupations","Professional and related occupations","MANAGEMENT, PROFESSIONAL AND RELATED OCCUPATIONS"
331,"Dental Hygienists","Healthcare Practitioners and Technical Occupations","Professional and related occupations","MANAGEMENT, PROFESSIONAL AND RELATED OCCUPATIONS"
332,"Diagnostic Related Technologists and Technicians","Healthcare Practitioners and Technical Occupations","Professional and related occupations","MANAGEMENT, PROFESSIONAL AND RELATED OCCUPATIONS"
340,"Emergency Medical Technicians and Paramedics","Healthcare Practitioners and Technical Occupations","Professional and related occupations","MANAGEMENT, PROFESSIONAL AND RELATED OCCUPATIONS"
341,"Health Diagnosing and Treating Practitioner Support Technicians","Healthcare Practitioners and Technical Occupations","Professional and related occupations","MANAGEMENT, PROFESSIONAL AND RELATED OCCUPATIONS"
350,"Licensed Practical and Licensed Vocational Nurses","Healthcare Practitioners and Technical Occupations","Professional and related occupations","MANAGEMENT, PROFESSIONAL AND RELATED OCCUPATIONS"
351,"Medical Records and Health Information Technicians","Healthcare Practitioners and Technical Occupations","Professional and related occupations","MANAGEMENT, PROFESSIONAL AND RELATED OCCUPATIONS"
352,"Opticians, Dispensing","Healthcare Practitioners and Technical Occupations","Professional and related occupations","MANAGEMENT, PROFESSIONAL AND RELATED OCCUPATIONS"
353,"Miscellaneous Health Technologists and Technicians","Healthcare Practitioners and Technical Occupations","Professional and related occupations","MANAGEMENT, PROFESSIONAL AND RELATED OCCUPATIONS"
354,"Other Healthcare Practitioners and Technical Occupations","Healthcare Practitioners and Technical Occupations","Professional and related occupations","MANAGEMENT, PROFESSIONAL AND RELATED OCCUPATIONS"
360,"Nursing, Psychiatric, and Home Health Aides","Healthcare Support Occupations","SERVICE OCCUPATIONS","SERVICE OCCUPATIONS"
361,"Occupational Therapist Assistants and Aides","Healthcare Support Occupations","SERVICE OCCUPATIONS","SERVICE OCCUPATIONS"
362,"Physical Therapist Assistants and Aides","Healthcare Support Occupations","SERVICE OCCUPATIONS","SERVICE OCCUPATIONS"
363,"Massage Therapists","Healthcare Support Occupations","SERVICE OCCUPATIONS","SERVICE OCCUPATIONS"
364,"Dental Assistants","Healthcare Support Occupations","SERVICE OCCUPATIONS","SERVICE OCCUPATIONS"
365,"Medical Assistants and Other Healthcare Support Occupations","Healthcare Support Occupations","SERVICE OCCUPATIONS","SERVICE OCCUPATIONS"
370,"First-Line Supervisors/Managers of Correctional Officers","Protective Service Occupations","SERVICE OCCUPATIONS","SERVICE OCCUPATIONS"
371,"First-Line Supervisors/Managers of Police and Detectives","Protective Service Occupations","SERVICE OCCUPATIONS","SERVICE OCCUPATIONS"
372,"First-Line Supervisors/Managers of Fire Fighting and Preventions Workers","Protective Service Occupations","SERVICE OCCUPATIONS","SERVICE OCCUPATIONS"
373,"Supervisors, Protective Service Workers, All Other","Protective Service Occupations","SERVICE OCCUPATIONS","SERVICE OCCUPATIONS"
374,"Fire Fighters","Protective Service Occupations","SERVICE OCCUPATIONS","SERVICE OCCUPATIONS"
375,"Fire Inspectors","Protective Service Occupations","SERVICE OCCUPATIONS","SERVICE OCCUPATIONS"
380,"Bailiffs, Correctional Officers, and Jailers","Protective Service Occupations","SERVICE OCCUPATIONS","SERVICE OCCUPATIONS"
381,"Not used","Protective Service Occupations","SERVICE OCCUPATIONS","SERVICE OCCUPATIONS"
382,"Detectives and Criminal Investigators","Protective Service Occupations","SERVICE OCCUPATIONS","SERVICE OCCUPATIONS"
383,"Fish and Game Wardens","Protective Service Occupations","SERVICE OCCUPATIONS","SERVICE OCCUPATIONS"
384,"Miscellaneous Law Enforcement Workers","Protective Service Occupations","SERVICE OCCUPATIONS","SERVICE OCCUPATIONS"
385,"Police Officers","Protective Service Occupations","SERVICE OCCUPATIONS","SERVICE OCCUPATIONS"
386,"Transit and Railroad Police","Protective Service Occupations","SERVICE OCCUPATIONS","SERVICE OCCUPATIONS"
390,"Animal Control Workers","Protective Service Occupations","SERVICE OCCUPATIONS","SERVICE OCCUPATIONS"
391,"Private Detectives and Investigators","Protective Service Occupations","SERVICE OCCUPATIONS","SERVICE OCCUPATIONS"
392,"Security Guards and Gaming Surveillance Officers","Protective Service Occupations","SERVICE OCCUPATIONS","SERVICE OCCUPATIONS"
393,"Not used","Protective Service Occupations","SERVICE OCCUPATIONS","SERVICE OCCUPATIONS"
394,"Crossing Guards","Protective Service Occupations","SERVICE OCCUPATIONS","SERVICE OCCUPATIONS"
395,"Lifeguards and Other Protective Service Workers","Protective Service Occupations","SERVICE OCCUPATIONS","SERVICE OCCUPATIONS"
400,"Chefs and Head Cooks","Food Preparation and Serving Occupations","SERVICE OCCUPATIONS","SERVICE OCCUPATIONS"
401,"First-Line Supervisors/Managers of Food Preparation and Serving Workers","Food Preparation and Serving Occupations","SERVICE OCCUPATIONS","SERVICE OCCUPATIONS"
402,Cooks,"Food Preparation and Serving Occupations","SERVICE OCCUPATIONS","SERVICE OCCUPATIONS"
403,"Food Preparation Workers","Food Preparation and Serving Occupations","SERVICE OCCUPATIONS","SERVICE OCCUPATIONS"
404,Bartenders,"Food Preparation and Serving Occupations","SERVICE OCCUPATIONS","SERVICE OCCUPATIONS"
405,"Combined Food Preparation and Serving Workers, Including Fast Food","Food Preparation and Serving Occupations","SERVICE OCCUPATIONS","SERVICE OCCUPATIONS"
406,"Counter Attendants, Cafeteria, Food Concession, and Coffee Shop","Food Preparation and Serving Occupations","SERVICE OCCUPATIONS","SERVICE OCCUPATIONS"
411,"Waiters and Waitresses","Food Preparation and Serving Occupations","SERVICE OCCUPATIONS","SERVICE OCCUPATIONS"
412,"Food Servers, Nonrestaurant","Food Preparation and Serving Occupations","SERVICE OCCUPATIONS","SERVICE OCCUPATIONS"
413,"Dining Room and Cafeteria Attendants, Bartender Helpers, and Miscellaneous Food Preparation and Serving Related Workers","Food Preparation and Serving Occupations","SERVICE OCCUPATIONS","SERVICE OCCUPATIONS"
414,Dishwashers,"Food Preparation and Serving Occupations","SERVICE OCCUPATIONS","SERVICE OCCUPATIONS"
415,"Hosts and Hostesses, Restaurant, Lounge, and Coffee Shop","Food Preparation and Serving Occupations","SERVICE OCCUPATIONS","SERVICE OCCUPATIONS"
416,"Food Preparation and Serving Related Workers, All Other","Food Preparation and Serving Occupations","SERVICE OCCUPATIONS","SERVICE OCCUPATIONS"
420,"First-Line Supervisors/Managers of Housekeeping and Janitorial Workers","Building and Grounds Cleaning and Maintenance Occupations ","SERVICE OCCUPATIONS","SERVICE OCCUPATIONS"
421,"First-Line Supervisors/Managers of Landscaping, Lawn Service, and Groundskeeping Workers","Building and Grounds Cleaning and Maintenance Occupations ","SERVICE OCCUPATIONS","SERVICE OCCUPATIONS"
422,"Janitors and Building Cleaners","Building and Grounds Cleaning and Maintenance Occupations ","SERVICE OCCUPATIONS","SERVICE OCCUPATIONS"
423,"Maids and Housekeeping Cleaners","Building and Grounds Cleaning and Maintenance Occupations ","SERVICE OCCUPATIONS","SERVICE OCCUPATIONS"
424,"Pest Control Workers","Building and Grounds Cleaning and Maintenance Occupations ","SERVICE OCCUPATIONS","SERVICE OCCUPATIONS"
425,"Grounds Maintenance Workers","Building and Grounds Cleaning and Maintenance Occupations ","SERVICE OCCUPATIONS","SERVICE OCCUPATIONS"
430,"First-Line Supervisors/Managers of Gaming Workers","Personal Care and Service Occupations ","SERVICE OCCUPATIONS","SERVICE OCCUPATIONS"
431,"Not used","Personal Care and Service Occupations ","SERVICE OCCUPATIONS","SERVICE OCCUPATIONS"
432,"First-Line Supervisors/Managers of Personal Service Workers","Personal Care and Service Occupations ","SERVICE OCCUPATIONS","SERVICE OCCUPATIONS"
433,"Not used","Personal Care and Service Occupations ","SERVICE OCCUPATIONS","SERVICE OCCUPATIONS"
434,"Animal Trainers","Personal Care and Service Occupations ","SERVICE OCCUPATIONS","SERVICE OCCUPATIONS"
435,"Nonfarm Animal Caretakers","Personal Care and Service Occupations ","SERVICE OCCUPATIONS","SERVICE OCCUPATIONS"
440,"Gaming Services Workers","Personal Care and Service Occupations ","SERVICE OCCUPATIONS","SERVICE OCCUPATIONS"
441,"Motion Picture Projectionists","Personal Care and Service Occupations ","SERVICE OCCUPATIONS","SERVICE OCCUPATIONS"
442,"Ushers, Lobby Attendants, and Ticket Takers","Personal Care and Service Occupations ","SERVICE OCCUPATIONS","SERVICE OCCUPATIONS"
443,"Miscellaneous Entertainment Attendants and Related Workers","Personal Care and Service Occupations ","SERVICE OCCUPATIONS","SERVICE OCCUPATIONS"
446,"Funeral Service Workers","Personal Care and Service Occupations ","SERVICE OCCUPATIONS","SERVICE OCCUPATIONS"
450,Barbers,"Personal Care and Service Occupations ","SERVICE OCCUPATIONS","SERVICE OCCUPATIONS"
451,"Hairdressers, Hairstylists, and Cosmetologists","Personal Care and Service Occupations ","SERVICE OCCUPATIONS","SERVICE OCCUPATIONS"
452,"Miscellaneous Personal Appearance Workers","Personal Care and Service Occupations ","SERVICE OCCUPATIONS","SERVICE OCCUPATIONS"
453,"Baggage Porters, Bellhops, and Concierges","Personal Care and Service Occupations ","SERVICE OCCUPATIONS","SERVICE OCCUPATIONS"
454,"Tour and Travel Guides","Personal Care and Service Occupations ","SERVICE OCCUPATIONS","SERVICE OCCUPATIONS"
455,"Transportation Attendants","Personal Care and Service Occupations ","SERVICE OCCUPATIONS","SERVICE OCCUPATIONS"
460,"Child Care Workers","Personal Care and Service Occupations ","SERVICE OCCUPATIONS","SERVICE OCCUPATIONS"
461,"Personal and Home Care Aides","Personal Care and Service Occupations ","SERVICE OCCUPATIONS","SERVICE OCCUPATIONS"
462,"Recreation and Fitness Workers","Personal Care and Service Occupations ","SERVICE OCCUPATIONS","SERVICE OCCUPATIONS"
463,"Not used","Personal Care and Service Occupations ","SERVICE OCCUPATIONS","SERVICE OCCUPATIONS"
464,"Residential Advisors","Personal Care and Service Occupations ","SERVICE OCCUPATIONS","SERVICE OCCUPATIONS"
465,"Personal Care and Service Workers, All Other","Personal Care and Service Occupations ","SERVICE OCCUPATIONS","SERVICE OCCUPATIONS"
470,"First-Line Supervisors/Managers of Retail Sales Workers","Sales Occupations","SALES AND OFFICE OCCUPATIONS","SALES AND OFFICE OCCUPATIONS"
471,"First-Line Supervisors/Managers of Non-Retail Sales Workers","Sales Occupations","SALES AND OFFICE OCCUPATIONS","SALES AND OFFICE OCCUPATIONS"
472,Cashiers,"Sales Occupations","SALES AND OFFICE OCCUPATIONS","SALES AND OFFICE OCCUPATIONS"
473,"Not used","Sales Occupations","SALES AND OFFICE OCCUPATIONS","SALES AND OFFICE OCCUPATIONS"
474,"Counter and Rental Clerks","Sales Occupations","SALES AND OFFICE OCCUPATIONS","SALES AND OFFICE OCCUPATIONS"
475,"Parts Salespersons","Sales Occupations","SALES AND OFFICE OCCUPATIONS","SALES AND OFFICE OCCUPATIONS"
476,"Retail Salespersons","Sales Occupations","SALES AND OFFICE OCCUPATIONS","SALES AND OFFICE OCCUPATIONS"
480,"Advertising Sales Agents","Sales Occupations","SALES AND OFFICE OCCUPATIONS","SALES AND OFFICE OCCUPATIONS"
481,"Insurance Sales Agents","Sales Occupations","SALES AND OFFICE OCCUPATIONS","SALES AND OFFICE OCCUPATIONS"
482,"Securities, Commodities, and Financial Services Sales Agents","Sales Occupations","SALES AND OFFICE OCCUPATIONS","SALES AND OFFICE OCCUPATIONS"
483,"Travel Agents","Sales Occupations","SALES AND OFFICE OCCUPATIONS","SALES AND OFFICE OCCUPATIONS"
484,"Sales Representatives, Services, All Other","Sales Occupations","SALES AND OFFICE OCCUPATIONS","SALES AND OFFICE OCCUPATIONS"
485,"Sales Representatives, Wholesale and Manufacturing","Sales Occupations","SALES AND OFFICE OCCUPATIONS","SALES AND OFFICE OCCUPATIONS"
490,"Models, Demonstrators, and Product Promoters","Sales Occupations","SALES AND OFFICE OCCUPATIONS","SALES AND OFFICE OCCUPATIONS"
491,"Not used","Sales Occupations","SALES AND OFFICE OCCUPATIONS","SALES AND OFFICE OCCUPATIONS"
492,"Real Estate Brokers and Sales Agents","Sales Occupations","SALES AND OFFICE OCCUPATIONS","SALES AND OFFICE OCCUPATIONS"
493,"Sales Engineers","Sales Occupations","SALES AND OFFICE OCCUPATIONS","SALES AND OFFICE OCCUPATIONS"
494,Telemarketers,"Sales Occupations","SALES AND OFFICE OCCUPATIONS","SALES AND OFFICE OCCUPATIONS"
495,"Door-To-Door Sales Workers, News and Street Vendors, and Related Workers","Sales Occupations","SALES AND OFFICE OCCUPATIONS","SALES AND OFFICE OCCUPATIONS"
496,"Sales and Related Workers, All Other","Sales Occupations","SALES AND OFFICE OCCUPATIONS","SALES AND OFFICE OCCUPATIONS"
500,"First-Line Supervisors/Managers of Office and Administrative Support Workers","Office and Administrative Support Occupations ","SALES AND OFFICE OCCUPATIONS","SALES AND OFFICE OCCUPATIONS"
501,"Switchboard Operators, Including Answering Service","Office and Administrative Support Occupations ","SALES AND OFFICE OCCUPATIONS","SALES AND OFFICE OCCUPATIONS"
502,"Telephone Operators","Office and Administrative Support Occupations ","SALES AND OFFICE OCCUPATIONS","SALES AND OFFICE OCCUPATIONS"
503,"Communications Equipment Operators, All Other","Office and Administrative Support Occupations ","SALES AND OFFICE OCCUPATIONS","SALES AND OFFICE OCCUPATIONS"
510,"Bill and Account Collectors","Office and Administrative Support Occupations ","SALES AND OFFICE OCCUPATIONS","SALES AND OFFICE OCCUPATIONS"
511,"Billing and Posting Clerks and Machine Operators","Office and Administrative Support Occupations ","SALES AND OFFICE OCCUPATIONS","SALES AND OFFICE OCCUPATIONS"
512,"Bookkeeping, Accounting, and Auditing Clerks","Office and Administrative Support Occupations ","SALES AND OFFICE OCCUPATIONS","SALES AND OFFICE OCCUPATIONS"
513,"Gaming Cage Workers","Office and Administrative Support Occupations ","SALES AND OFFICE OCCUPATIONS","SALES AND OFFICE OCCUPATIONS"
514,"Payroll and Timekeeping Clerks","Office and Administrative Support Occupations ","SALES AND OFFICE OCCUPATIONS","SALES AND OFFICE OCCUPATIONS"
515,"Procurement Clerks","Office and Administrative Support Occupations ","SALES AND OFFICE OCCUPATIONS","SALES AND OFFICE OCCUPATIONS"
516,Tellers,"Office and Administrative Support Occupations ","SALES AND OFFICE OCCUPATIONS","SALES AND OFFICE OCCUPATIONS"
520,"Brokerage Clerks","Office and Administrative Support Occupations ","SALES AND OFFICE OCCUPATIONS","SALES AND OFFICE OCCUPATIONS"
521,"Correspondence Clerks","Office and Administrative Support Occupations ","SALES AND OFFICE OCCUPATIONS","SALES AND OFFICE OCCUPATIONS"
522,"Court, Municipal, and License Clerks","Office and Administrative Support Occupations ","SALES AND OFFICE OCCUPATIONS","SALES AND OFFICE OCCUPATIONS"
523,"Credit Authorizers, Checkers, and Clerks","Office and Administrative Support Occupations ","SALES AND OFFICE OCCUPATIONS","SALES AND OFFICE OCCUPATIONS"
524,"Customer Service Representatives","Office and Administrative Support Occupations ","SALES AND OFFICE OCCUPATIONS","SALES AND OFFICE OCCUPATIONS"
525,"Eligibility Interviewers, Government Programs","Office and Administrative Support Occupations ","SALES AND OFFICE OCCUPATIONS","SALES AND OFFICE OCCUPATIONS"
526,"File Clerks","Office and Administrative Support Occupations ","SALES AND OFFICE OCCUPATIONS","SALES AND OFFICE OCCUPATIONS"
530,"Hotel, Motel, and Resort Desk Clerks","Office and Administrative Support Occupations ","SALES AND OFFICE OCCUPATIONS","SALES AND OFFICE OCCUPATIONS"
531,"Interviewers, Except Eligibility and Loan","Office and Administrative Support Occupations ","SALES AND OFFICE OCCUPATIONS","SALES AND OFFICE OCCUPATIONS"
532,"Library Assistants, Clerical","Office and Administrative Support Occupations ","SALES AND OFFICE OCCUPATIONS","SALES AND OFFICE OCCUPATIONS"
533,"Loan Interviewers and Clerks","Office and Administrative Support Occupations ","SALES AND OFFICE OCCUPATIONS","SALES AND OFFICE OCCUPATIONS"
534,"New Accounts Clerks","Office and Administrative Support Occupations ","SALES AND OFFICE OCCUPATIONS","SALES AND OFFICE OCCUPATIONS"
535,"Correspondence Clerks and Order Clerks","Office and Administrative Support Occupations ","SALES AND OFFICE OCCUPATIONS","SALES AND OFFICE OCCUPATIONS"
536,"Human Resources Assistants, Except Payroll and Timekeeping","Office and Administrative Support Occupations ","SALES AND OFFICE OCCUPATIONS","SALES AND OFFICE OCCUPATIONS"
540,"Receptionists and Information Clerks","Office and Administrative Support Occupations ","SALES AND OFFICE OCCUPATIONS","SALES AND OFFICE OCCUPATIONS"
541,"Reservation and Transportation Ticket Agents and Travel Clerks","Office and Administrative Support Occupations ","SALES AND OFFICE OCCUPATIONS","SALES AND OFFICE OCCUPATIONS"
542,"Information and Record Clerks, All Other","Office and Administrative Support Occupations ","SALES AND OFFICE OCCUPATIONS","SALES AND OFFICE OCCUPATIONS"
550,"Cargo and Freight Agents","Office and Administrative Support Occupations ","SALES AND OFFICE OCCUPATIONS","SALES AND OFFICE OCCUPATIONS"
551,"Couriers and Messengers","Office and Administrative Support Occupations ","SALES AND OFFICE OCCUPATIONS","SALES AND OFFICE OCCUPATIONS"
552,Dispatchers,"Office and Administrative Support Occupations ","SALES AND OFFICE OCCUPATIONS","SALES AND OFFICE OCCUPATIONS"
553,"Meter readers, Utilities","Office and Administrative Support Occupations ","SALES AND OFFICE OCCUPATIONS","SALES AND OFFICE OCCUPATIONS"
554,"Postal Service Clerks","Office and Administrative Support Occupations ","SALES AND OFFICE OCCUPATIONS","SALES AND OFFICE OCCUPATIONS"
555,"Postal Service Mail Carriers","Office and Administrative Support Occupations ","SALES AND OFFICE OCCUPATIONS","SALES AND OFFICE OCCUPATIONS"
556,"Postal Service Mail Sorters, Processors, and Processing Machine Operators","Office and Administrative Support Occupations ","SALES AND OFFICE OCCUPATIONS","SALES AND OFFICE OCCUPATIONS"
560,"Production, Planning and Expediting Clerks","Office and Administrative Support Occupations ","SALES AND OFFICE OCCUPATIONS","SALES AND OFFICE OCCUPATIONS"
561,"Shipping, Receiving, and Traffic Clerks","Office and Administrative Support Occupations ","SALES AND OFFICE OCCUPATIONS","SALES AND OFFICE OCCUPATIONS"
562,"Stock Clerks and Order Filers","Office and Administrative Support Occupations ","SALES AND OFFICE OCCUPATIONS","SALES AND OFFICE OCCUPATIONS"
563,"Weighers, Measurers, Checkers, and Samplers, Record keeping","Office and Administrative Support Occupations ","SALES AND OFFICE OCCUPATIONS","SALES AND OFFICE OCCUPATIONS"
570,"Secretaries and Administrative Assistants","Office and Administrative Support Occupations ","SALES AND OFFICE OCCUPATIONS","SALES AND OFFICE OCCUPATIONS"
580,"Computer Operators","Office and Administrative Support Occupations ","SALES AND OFFICE OCCUPATIONS","SALES AND OFFICE OCCUPATIONS"
581,"Data Entry Keyers","Office and Administrative Support Occupations ","SALES AND OFFICE OCCUPATIONS","SALES AND OFFICE OCCUPATIONS"
582,"Word Processors and Typists","Office and Administrative Support Occupations ","SALES AND OFFICE OCCUPATIONS","SALES AND OFFICE OCCUPATIONS"
583,"Desktop Publishers","Office and Administrative Support Occupations ","SALES AND OFFICE OCCUPATIONS","SALES AND OFFICE OCCUPATIONS"
584,"Insurance Claims and Policy Processing Clerks","Office and Administrative Support Occupations ","SALES AND OFFICE OCCUPATIONS","SALES AND OFFICE OCCUPATIONS"
585,"Mail Clerks and Mail Machine Operators, Except Postal Service","Office and Administrative Support Occupations ","SALES AND OFFICE OCCUPATIONS","SALES AND OFFICE OCCUPATIONS"
586,"Office Clerks, General","Office and Administrative Support Occupations ","SALES AND OFFICE OCCUPATIONS","SALES AND OFFICE OCCUPATIONS"
590,"Office Machine Operators, Except Computer","Office and Administrative Support Occupations ","SALES AND OFFICE OCCUPATIONS","SALES AND OFFICE OCCUPATIONS"
591,"Proofreaders and Copy Markers","Office and Administrative Support Occupations ","SALES AND OFFICE OCCUPATIONS","SALES AND OFFICE OCCUPATIONS"
592,"Statistical Assistants","Office and Administrative Support Occupations ","SALES AND OFFICE OCCUPATIONS","SALES AND OFFICE OCCUPATIONS"
593,"Office and Administrative Support Workers, All Other","Office and Administrative Support Occupations ","SALES AND OFFICE OCCUPATIONS","SALES AND OFFICE OCCUPATIONS"
600,"First-Line Supervisors/Managers of Farming, Fishing, and Forestry Workers","FARMING, FISHING, AND FORESTRY OCCUPATIONS","FARMING, FISHING, AND FORESTRY OCCUPATIONS","FARMING, FISHING, AND FORESTRY OCCUPATIONS"
601,"Agricultural Inspectors","FARMING, FISHING, AND FORESTRY OCCUPATIONS","FARMING, FISHING, AND FORESTRY OCCUPATIONS","FARMING, FISHING, AND FORESTRY OCCUPATIONS"
602,"Animal Breeders","FARMING, FISHING, AND FORESTRY OCCUPATIONS","FARMING, FISHING, AND FORESTRY OCCUPATIONS","FARMING, FISHING, AND FORESTRY OCCUPATIONS"
603,"Not used","FARMING, FISHING, AND FORESTRY OCCUPATIONS","FARMING, FISHING, AND FORESTRY OCCUPATIONS","FARMING, FISHING, AND FORESTRY OCCUPATIONS"
604,"Graders and Sorters, Agricultural Products","FARMING, FISHING, AND FORESTRY OCCUPATIONS","FARMING, FISHING, AND FORESTRY OCCUPATIONS","FARMING, FISHING, AND FORESTRY OCCUPATIONS"
605,"Miscellaneous Agricultural Workers, Including Animal Breeders","FARMING, FISHING, AND FORESTRY OCCUPATIONS","FARMING, FISHING, AND FORESTRY OCCUPATIONS","FARMING, FISHING, AND FORESTRY OCCUPATIONS"
610,"Fishing and Hunting Workers","FARMING, FISHING, AND FORESTRY OCCUPATIONS","FARMING, FISHING, AND FORESTRY OCCUPATIONS","FARMING, FISHING, AND FORESTRY OCCUPATIONS"
611,"Hunters and Trappers","FARMING, FISHING, AND FORESTRY OCCUPATIONS","FARMING, FISHING, AND FORESTRY OCCUPATIONS","FARMING, FISHING, AND FORESTRY OCCUPATIONS"
612,"Forest and Conservation Workers","FARMING, FISHING, AND FORESTRY OCCUPATIONS","FARMING, FISHING, AND FORESTRY OCCUPATIONS","FARMING, FISHING, AND FORESTRY OCCUPATIONS"
613,"Logging Workers","FARMING, FISHING, AND FORESTRY OCCUPATIONS","FARMING, FISHING, AND FORESTRY OCCUPATIONS","FARMING, FISHING, AND FORESTRY OCCUPATIONS"
620,"First-Line Supervisors/Managers of Construction Trades and Extraction Workers","Construction Trades","CONSTRUCTION, EXTRACTION AND MAINTENANCE OCCUPATIONS","CONSTRUCTION, EXTRACTION AND MAINTENANCE OCCUPATIONS"
621,Boilermakers,"Construction Trades","CONSTRUCTION, EXTRACTION AND MAINTENANCE OCCUPATIONS","CONSTRUCTION, EXTRACTION AND MAINTENANCE OCCUPATIONS"
622,"Brickmasons, Blockmasons, and Stonemasons","Construction Trades","CONSTRUCTION, EXTRACTION AND MAINTENANCE OCCUPATIONS","CONSTRUCTION, EXTRACTION AND MAINTENANCE OCCUPATIONS"
623,Carpenters,"Construction Trades","CONSTRUCTION, EXTRACTION AND MAINTENANCE OCCUPATIONS","CONSTRUCTION, EXTRACTION AND MAINTENANCE OCCUPATIONS"
624,"Carpet, Floor, and Tile Installers and Finishers","Construction Trades","CONSTRUCTION, EXTRACTION AND MAINTENANCE OCCUPATIONS","CONSTRUCTION, EXTRACTION AND MAINTENANCE OCCUPATIONS"
625,"Cement Masons, Concrete Finishers, and Terrazzo Workers","Construction Trades","CONSTRUCTION, EXTRACTION AND MAINTENANCE OCCUPATIONS","CONSTRUCTION, EXTRACTION AND MAINTENANCE OCCUPATIONS"
626,"Construction Laborers","Construction Trades","CONSTRUCTION, EXTRACTION AND MAINTENANCE OCCUPATIONS","CONSTRUCTION, EXTRACTION AND MAINTENANCE OCCUPATIONS"
630,"Paving, Surfacing, and Tamping Equipment Operators","Construction Trades","CONSTRUCTION, EXTRACTION AND MAINTENANCE OCCUPATIONS","CONSTRUCTION, EXTRACTION AND MAINTENANCE OCCUPATIONS"
631,"Pile-Driver Operators","Construction Trades","CONSTRUCTION, EXTRACTION AND MAINTENANCE OCCUPATIONS","CONSTRUCTION, EXTRACTION AND MAINTENANCE OCCUPATIONS"
632,"Miscellaneous Construction Equipment Operators","Construction Trades","CONSTRUCTION, EXTRACTION AND MAINTENANCE OCCUPATIONS","CONSTRUCTION, EXTRACTION AND MAINTENANCE OCCUPATIONS"
633,"Drywall Installers, Ceiling Tile Installers, and Tapers","Construction Trades","CONSTRUCTION, EXTRACTION AND MAINTENANCE OCCUPATIONS","CONSTRUCTION, EXTRACTION AND MAINTENANCE OCCUPATIONS"
634,"Not used","Construction Trades","CONSTRUCTION, EXTRACTION AND MAINTENANCE OCCUPATIONS","CONSTRUCTION, EXTRACTION AND MAINTENANCE OCCUPATIONS"
635,Electricians,"Construction Trades","CONSTRUCTION, EXTRACTION AND MAINTENANCE OCCUPATIONS","CONSTRUCTION, EXTRACTION AND MAINTENANCE OCCUPATIONS"
636,Glaziers,"Construction Trades","CONSTRUCTION, EXTRACTION AND MAINTENANCE OCCUPATIONS","CONSTRUCTION, EXTRACTION AND MAINTENANCE OCCUPATIONS"
640,"Insulation Workers","Construction Trades","CONSTRUCTION, EXTRACTION AND MAINTENANCE OCCUPATIONS","CONSTRUCTION, EXTRACTION AND MAINTENANCE OCCUPATIONS"
641,"Not used","Construction Trades","CONSTRUCTION, EXTRACTION AND MAINTENANCE OCCUPATIONS","CONSTRUCTION, EXTRACTION AND MAINTENANCE OCCUPATIONS"
642,"Painters, Construction and Maintenance","Construction Trades","CONSTRUCTION, EXTRACTION AND MAINTENANCE OCCUPATIONS","CONSTRUCTION, EXTRACTION AND MAINTENANCE OCCUPATIONS"
643,Paperhangers,"Construction Trades","CONSTRUCTION, EXTRACTION AND MAINTENANCE OCCUPATIONS","CONSTRUCTION, EXTRACTION AND MAINTENANCE OCCUPATIONS"
644,"Pipelayers, Plumbers, Pipefitters, and Steamfitters","Construction Trades","CONSTRUCTION, EXTRACTION AND MAINTENANCE OCCUPATIONS","CONSTRUCTION, EXTRACTION AND MAINTENANCE OCCUPATIONS"
645,"Not used","Construction Trades","CONSTRUCTION, EXTRACTION AND MAINTENANCE OCCUPATIONS","CONSTRUCTION, EXTRACTION AND MAINTENANCE OCCUPATIONS"
646,"Plasterers and Stucco Masons","Construction Trades","CONSTRUCTION, EXTRACTION AND MAINTENANCE OCCUPATIONS","CONSTRUCTION, EXTRACTION AND MAINTENANCE OCCUPATIONS"
650,"Reinforcing Iron and Rebar Workers","Construction Trades","CONSTRUCTION, EXTRACTION AND MAINTENANCE OCCUPATIONS","CONSTRUCTION, EXTRACTION AND MAINTENANCE OCCUPATIONS"
651,Roofers,"Construction Trades","CONSTRUCTION, EXTRACTION AND MAINTENANCE OCCUPATIONS","CONSTRUCTION, EXTRACTION AND MAINTENANCE OCCUPATIONS"
652,"Sheet Metal Workers","Construction Trades","CONSTRUCTION, EXTRACTION AND MAINTENANCE OCCUPATIONS","CONSTRUCTION, EXTRACTION AND MAINTENANCE OCCUPATIONS"
653,"Iron and Steel Workers","Construction Trades","CONSTRUCTION, EXTRACTION AND MAINTENANCE OCCUPATIONS","CONSTRUCTION, EXTRACTION AND MAINTENANCE OCCUPATIONS"
660,"Helpers, Construction Trades","Construction Trades","CONSTRUCTION, EXTRACTION AND MAINTENANCE OCCUPATIONS","CONSTRUCTION, EXTRACTION AND MAINTENANCE OCCUPATIONS"
666,"Construction and Building Inspectors","Construction Trades","CONSTRUCTION, EXTRACTION AND MAINTENANCE OCCUPATIONS","CONSTRUCTION, EXTRACTION AND MAINTENANCE OCCUPATIONS"
670,"Elevator Installers and Repairers","Construction Trades","CONSTRUCTION, EXTRACTION AND MAINTENANCE OCCUPATIONS","CONSTRUCTION, EXTRACTION AND MAINTENANCE OCCUPATIONS"
671,"Fence Erectors","Construction Trades","CONSTRUCTION, EXTRACTION AND MAINTENANCE OCCUPATIONS","CONSTRUCTION, EXTRACTION AND MAINTENANCE OCCUPATIONS"
672,"Hazardous Materials","Construction Trades","CONSTRUCTION, EXTRACTION AND MAINTENANCE OCCUPATIONS","CONSTRUCTION, EXTRACTION AND MAINTENANCE OCCUPATIONS"
673,"Highway Maintenance Workers","Construction Trades","CONSTRUCTION, EXTRACTION AND MAINTENANCE OCCUPATIONS","CONSTRUCTION, EXTRACTION AND MAINTENANCE OCCUPATIONS"
674,"Rail-Track Laying and Maintenance Equipment Operators","Construction Trades","CONSTRUCTION, EXTRACTION AND MAINTENANCE OCCUPATIONS","CONSTRUCTION, EXTRACTION AND MAINTENANCE OCCUPATIONS"
675,"Septic Tank Servicers and Sewer Pipe Cleaners","Construction Trades","CONSTRUCTION, EXTRACTION AND MAINTENANCE OCCUPATIONS","CONSTRUCTION, EXTRACTION AND MAINTENANCE OCCUPATIONS"
676,"Miscellaneous Construction and Related Workers","Construction Trades","CONSTRUCTION, EXTRACTION AND MAINTENANCE OCCUPATIONS","CONSTRUCTION, EXTRACTION AND MAINTENANCE OCCUPATIONS"
680,"Derrick, Rotary Drill, and Service Unit Operators, and Roustabouts, Oil, Gas, and Mining","Extraction Workers","CONSTRUCTION, EXTRACTION AND MAINTENANCE OCCUPATIONS","CONSTRUCTION, EXTRACTION AND MAINTENANCE OCCUPATIONS"
681,"Not used","Extraction Workers","CONSTRUCTION, EXTRACTION AND MAINTENANCE OCCUPATIONS","CONSTRUCTION, EXTRACTION AND MAINTENANCE OCCUPATIONS"
682,"Earth Drillers, Except Oil and Gas","Extraction Workers","CONSTRUCTION, EXTRACTION AND MAINTENANCE OCCUPATIONS","CONSTRUCTION, EXTRACTION AND MAINTENANCE OCCUPATIONS"
683,"Explosives Workers, Ordnance Handling Experts, and Blasters","Extraction Workers","CONSTRUCTION, EXTRACTION AND MAINTENANCE OCCUPATIONS","CONSTRUCTION, EXTRACTION AND MAINTENANCE OCCUPATIONS"
684,"Mining Machine Operators","Extraction Workers","CONSTRUCTION, EXTRACTION AND MAINTENANCE OCCUPATIONS","CONSTRUCTION, EXTRACTION AND MAINTENANCE OCCUPATIONS"
691,"Roof Bolters, Mining","Extraction Workers","CONSTRUCTION, EXTRACTION AND MAINTENANCE OCCUPATIONS","CONSTRUCTION, EXTRACTION AND MAINTENANCE OCCUPATIONS"
692,"Roustabouts, Oil and Gas","Extraction Workers","CONSTRUCTION, EXTRACTION AND MAINTENANCE OCCUPATIONS","CONSTRUCTION, EXTRACTION AND MAINTENANCE OCCUPATIONS"
693,"Helpers -- Extraction Workers","Extraction Workers","CONSTRUCTION, EXTRACTION AND MAINTENANCE OCCUPATIONS","CONSTRUCTION, EXTRACTION AND MAINTENANCE OCCUPATIONS"
694,"Miscellaneous Extraction Workers, Including Roof Bolters and Helpers","Extraction Workers","CONSTRUCTION, EXTRACTION AND MAINTENANCE OCCUPATIONS","CONSTRUCTION, EXTRACTION AND MAINTENANCE OCCUPATIONS"
700,"First-Line Supervisors/Managers of Mechanics, Installers, and Repairers","Installation, Maintenance, and Repair Workers ","CONSTRUCTION, EXTRACTION AND MAINTENANCE OCCUPATIONS","CONSTRUCTION, EXTRACTION AND MAINTENANCE OCCUPATIONS"
701,"Computer, Automated Teller, and Office Machine Repairers","Installation, Maintenance, and Repair Workers ","CONSTRUCTION, EXTRACTION AND MAINTENANCE OCCUPATIONS","CONSTRUCTION, EXTRACTION AND MAINTENANCE OCCUPATIONS"
702,"Radio and Telecommunications Equipment Installers and Repairers","Installation, Maintenance, and Repair Workers ","CONSTRUCTION, EXTRACTION AND MAINTENANCE OCCUPATIONS","CONSTRUCTION, EXTRACTION AND MAINTENANCE OCCUPATIONS"
703,"Avionics Technicians","Installation, Maintenance, and Repair Workers ","CONSTRUCTION, EXTRACTION AND MAINTENANCE OCCUPATIONS","CONSTRUCTION, EXTRACTION AND MAINTENANCE OCCUPATIONS"
704,"Electric Motor, Power Tool, and Related Repairers","Installation, Maintenance, and Repair Workers ","CONSTRUCTION, EXTRACTION AND MAINTENANCE OCCUPATIONS","CONSTRUCTION, EXTRACTION AND MAINTENANCE OCCUPATIONS"
705,"Electrical and Electronics Installers and Repairers, Transportation Equipment","Installation, Maintenance, and Repair Workers ","CONSTRUCTION, EXTRACTION AND MAINTENANCE OCCUPATIONS","CONSTRUCTION, EXTRACTION AND MAINTENANCE OCCUPATIONS"
710,"Electrical and Electronics Repairers, Industrial, Utility, and Transportation Equipment","Installation, Maintenance, and Repair Workers ","CONSTRUCTION, EXTRACTION AND MAINTENANCE OCCUPATIONS","CONSTRUCTION, EXTRACTION AND MAINTENANCE OCCUPATIONS"
711,"Electronic Equipment Installers and Repairers, Motor Vehicles","Installation, Maintenance, and Repair Workers ","CONSTRUCTION, EXTRACTION AND MAINTENANCE OCCUPATIONS","CONSTRUCTION, EXTRACTION AND MAINTENANCE OCCUPATIONS"
712,"Electronic Home Entertainment Equipment Installers and Repairers","Installation, Maintenance, and Repair Workers ","CONSTRUCTION, EXTRACTION AND MAINTENANCE OCCUPATIONS","CONSTRUCTION, EXTRACTION AND MAINTENANCE OCCUPATIONS"
713,"Security and Fire Alarm Systems Installers","Installation, Maintenance, and Repair Workers ","CONSTRUCTION, EXTRACTION AND MAINTENANCE OCCUPATIONS","CONSTRUCTION, EXTRACTION AND MAINTENANCE OCCUPATIONS"
714,"Aircraft Mechanics and Service Technicians","Installation, Maintenance, and Repair Workers ","CONSTRUCTION, EXTRACTION AND MAINTENANCE OCCUPATIONS","CONSTRUCTION, EXTRACTION AND MAINTENANCE OCCUPATIONS"
715,"Automotive Body and Related Repairers","Installation, Maintenance, and Repair Workers ","CONSTRUCTION, EXTRACTION AND MAINTENANCE OCCUPATIONS","CONSTRUCTION, EXTRACTION AND MAINTENANCE OCCUPATIONS"
716,"Automotive Glass Installers and Repairers","Installation, Maintenance, and Repair Workers ","CONSTRUCTION, EXTRACTION AND MAINTENANCE OCCUPATIONS","CONSTRUCTION, EXTRACTION AND MAINTENANCE OCCUPATIONS"
720,"Automotive Service Technicians and Mechanics","Installation, Maintenance, and Repair Workers ","CONSTRUCTION, EXTRACTION AND MAINTENANCE OCCUPATIONS","CONSTRUCTION, EXTRACTION AND MAINTENANCE OCCUPATIONS"
721,"Bus and Truck Mechanics and Diesel Engine Specialists","Installation, Maintenance, and Repair Workers ","CONSTRUCTION, EXTRACTION AND MAINTENANCE OCCUPATIONS","CONSTRUCTION, EXTRACTION AND MAINTENANCE OCCUPATIONS"
722,"Heavy Vehicle and Mobile Equipment Service Technicians and Mechanics","Installation, Maintenance, and Repair Workers ","CONSTRUCTION, EXTRACTION AND MAINTENANCE OCCUPATIONS","CONSTRUCTION, EXTRACTION AND MAINTENANCE OCCUPATIONS"
723,"Not used","Installation, Maintenance, and Repair Workers ","CONSTRUCTION, EXTRACTION AND MAINTENANCE OCCUPATIONS","CONSTRUCTION, EXTRACTION AND MAINTENANCE OCCUPATIONS"
724,"Small Engine Mechanics","Installation, Maintenance, and Repair Workers ","CONSTRUCTION, EXTRACTION AND MAINTENANCE OCCUPATIONS","CONSTRUCTION, EXTRACTION AND MAINTENANCE OCCUPATIONS"
725,"Not used","Installation, Maintenance, and Repair Workers ","CONSTRUCTION, EXTRACTION AND MAINTENANCE OCCUPATIONS","CONSTRUCTION, EXTRACTION AND MAINTENANCE OCCUPATIONS"
726,"Miscellaneous Vehicle and Mobile Equipment Mechanics, Installers, and Repairers","Installation, Maintenance, and Repair Workers ","CONSTRUCTION, EXTRACTION AND MAINTENANCE OCCUPATIONS","CONSTRUCTION, EXTRACTION AND MAINTENANCE OCCUPATIONS"
730,"Control and Valve Installers and Repairers","Installation, Maintenance, and Repair Workers ","CONSTRUCTION, EXTRACTION AND MAINTENANCE OCCUPATIONS","CONSTRUCTION, EXTRACTION AND MAINTENANCE OCCUPATIONS"
731,"Heating, Air Conditioning, and Refrigeration Mechanics and Installers","Installation, Maintenance, and Repair Workers ","CONSTRUCTION, EXTRACTION AND MAINTENANCE OCCUPATIONS","CONSTRUCTION, EXTRACTION AND MAINTENANCE OCCUPATIONS"
732,"Home Appliance Repairers","Installation, Maintenance, and Repair Workers ","CONSTRUCTION, EXTRACTION AND MAINTENANCE OCCUPATIONS","CONSTRUCTION, EXTRACTION AND MAINTENANCE OCCUPATIONS"
733,"Industrial and Refractory Machinery Mechanics","Installation, Maintenance, and Repair Workers ","CONSTRUCTION, EXTRACTION AND MAINTENANCE OCCUPATIONS","CONSTRUCTION, EXTRACTION AND MAINTENANCE OCCUPATIONS"
734,"Maintenance and Repair Workers, General","Installation, Maintenance, and Repair Workers ","CONSTRUCTION, EXTRACTION AND MAINTENANCE OCCUPATIONS","CONSTRUCTION, EXTRACTION AND MAINTENANCE OCCUPATIONS"
735,"Maintenance Workers, Machinery","Installation, Maintenance, and Repair Workers ","CONSTRUCTION, EXTRACTION AND MAINTENANCE OCCUPATIONS","CONSTRUCTION, EXTRACTION AND MAINTENANCE OCCUPATIONS"
736,Millwrights,"Installation, Maintenance, and Repair Workers ","CONSTRUCTION, EXTRACTION AND MAINTENANCE OCCUPATIONS","CONSTRUCTION, EXTRACTION AND MAINTENANCE OCCUPATIONS"
741,"Electrical Power-Line Installers and Repairers","Installation, Maintenance, and Repair Workers ","CONSTRUCTION, EXTRACTION AND MAINTENANCE OCCUPATIONS","CONSTRUCTION, EXTRACTION AND MAINTENANCE OCCUPATIONS"
742,"Telecommunications Line Installers and Repairers","Installation, Maintenance, and Repair Workers ","CONSTRUCTION, EXTRACTION AND MAINTENANCE OCCUPATIONS","CONSTRUCTION, EXTRACTION AND MAINTENANCE OCCUPATIONS"
743,"Precision Instrument and Equipment Repairers","Installation, Maintenance, and Repair Workers ","CONSTRUCTION, EXTRACTION AND MAINTENANCE OCCUPATIONS","CONSTRUCTION, EXTRACTION AND MAINTENANCE OCCUPATIONS"
751,"Coin, Vending, and Amusement Machine Servicers and Repairers","Installation, Maintenance, and Repair Workers ","CONSTRUCTION, EXTRACTION AND MAINTENANCE OCCUPATIONS","CONSTRUCTION, EXTRACTION AND MAINTENANCE OCCUPATIONS"
752,"Commercial Divers","Installation, Maintenance, and Repair Workers ","CONSTRUCTION, EXTRACTION AND MAINTENANCE OCCUPATIONS","CONSTRUCTION, EXTRACTION AND MAINTENANCE OCCUPATIONS"
753,"Not used","Installation, Maintenance, and Repair Workers ","CONSTRUCTION, EXTRACTION AND MAINTENANCE OCCUPATIONS","CONSTRUCTION, EXTRACTION AND MAINTENANCE OCCUPATIONS"
754,"Locksmiths and Safe Repairers","Installation, Maintenance, and Repair Workers ","CONSTRUCTION, EXTRACTION AND MAINTENANCE OCCUPATIONS","CONSTRUCTION, EXTRACTION AND MAINTENANCE OCCUPATIONS"
755,"Manufactured Building and Mobile Home Installers","Installation, Maintenance, and Repair Workers ","CONSTRUCTION, EXTRACTION AND MAINTENANCE OCCUPATIONS","CONSTRUCTION, EXTRACTION AND MAINTENANCE OCCUPATIONS"
756,Riggers,"Installation, Maintenance, and Repair Workers ","CONSTRUCTION, EXTRACTION AND MAINTENANCE OCCUPATIONS","CONSTRUCTION, EXTRACTION AND MAINTENANCE OCCUPATIONS"
760,"Signal and Track Switch Repairers","Installation, Maintenance, and Repair Workers ","CONSTRUCTION, EXTRACTION AND MAINTENANCE OCCUPATIONS","CONSTRUCTION, EXTRACTION AND MAINTENANCE OCCUPATIONS"
761,"Helpers--Installation, Maintenance, and Repair Workers","Installation, Maintenance, and Repair Workers ","CONSTRUCTION, EXTRACTION AND MAINTENANCE OCCUPATIONS","CONSTRUCTION, EXTRACTION AND MAINTENANCE OCCUPATIONS"
762,"Other Installation, Maintenance, and Repair Workers, Including Commercial Drivers and Signal and Track Switch Repairers","Installation, Maintenance, and Repair Workers ","CONSTRUCTION, EXTRACTION AND MAINTENANCE OCCUPATIONS","CONSTRUCTION, EXTRACTION AND MAINTENANCE OCCUPATIONS"
770,"First-Line Supervisors/Managers of Production and Operating Workers","Production Occupations ","PRODUCTION, TRANSPORTATION AND MATERIAL MOVING OCCUPATIONS","PRODUCTION, TRANSPORTATION AND MATERIAL MOVING OCCUPATIONS"
771,"Aircraft Structure, Surfaces, Rigging, and Systems Assemblers","Production Occupations ","PRODUCTION, TRANSPORTATION AND MATERIAL MOVING OCCUPATIONS","PRODUCTION, TRANSPORTATION AND MATERIAL MOVING OCCUPATIONS"
772,"Electrical, Electronics, and Electromechanical Assemblers","Production Occupations ","PRODUCTION, TRANSPORTATION AND MATERIAL MOVING OCCUPATIONS","PRODUCTION, TRANSPORTATION AND MATERIAL MOVING OCCUPATIONS"
773,"Engine and Other Machine Assemblers","Production Occupations ","PRODUCTION, TRANSPORTATION AND MATERIAL MOVING OCCUPATIONS","PRODUCTION, TRANSPORTATION AND MATERIAL MOVING OCCUPATIONS"
774,"Structural Metal Fabricators and Fitters","Production Occupations ","PRODUCTION, TRANSPORTATION AND MATERIAL MOVING OCCUPATIONS","PRODUCTION, TRANSPORTATION AND MATERIAL MOVING OCCUPATIONS"
775,"Miscellaneous Assemblers and Fabricators","Production Occupations ","PRODUCTION, TRANSPORTATION AND MATERIAL MOVING OCCUPATIONS","PRODUCTION, TRANSPORTATION AND MATERIAL MOVING OCCUPATIONS"
780,Bakers,"Production Occupations ","PRODUCTION, TRANSPORTATION AND MATERIAL MOVING OCCUPATIONS","PRODUCTION, TRANSPORTATION AND MATERIAL MOVING OCCUPATIONS"
781,"Butchers and Other Meat, Poultry, and Fish Processing Workers","Production Occupations ","PRODUCTION, TRANSPORTATION AND MATERIAL MOVING OCCUPATIONS","PRODUCTION, TRANSPORTATION AND MATERIAL MOVING OCCUPATIONS"
782,"Not used","Production Occupations ","PRODUCTION, TRANSPORTATION AND MATERIAL MOVING OCCUPATIONS","PRODUCTION, TRANSPORTATION AND MATERIAL MOVING OCCUPATIONS"
783,"Food and Tobacco Roasting, Baking, and  Drying Machine Operators and Tenders","Production Occupations ","PRODUCTION, TRANSPORTATION AND MATERIAL MOVING OCCUPATIONS","PRODUCTION, TRANSPORTATION AND MATERIAL MOVING OCCUPATIONS"
784,"Food Batchmakers","Production Occupations ","PRODUCTION, TRANSPORTATION AND MATERIAL MOVING OCCUPATIONS","PRODUCTION, TRANSPORTATION AND MATERIAL MOVING OCCUPATIONS"
785,"Food Cooking Machine Operators and Tenders","Production Occupations ","PRODUCTION, TRANSPORTATION AND MATERIAL MOVING OCCUPATIONS","PRODUCTION, TRANSPORTATION AND MATERIAL MOVING OCCUPATIONS"
790,"Computer Control Programmers and Operators","Production Occupations ","PRODUCTION, TRANSPORTATION AND MATERIAL MOVING OCCUPATIONS","PRODUCTION, TRANSPORTATION AND MATERIAL MOVING OCCUPATIONS"
791,"Not used","Production Occupations ","PRODUCTION, TRANSPORTATION AND MATERIAL MOVING OCCUPATIONS","PRODUCTION, TRANSPORTATION AND MATERIAL MOVING OCCUPATIONS"
792,"Extruding and Drawing Machine Setters, Operators, and  Tenders, Metal and Plastic","Production Occupations ","PRODUCTION, TRANSPORTATION AND MATERIAL MOVING OCCUPATIONS","PRODUCTION, TRANSPORTATION AND MATERIAL MOVING OCCUPATIONS"
793,"Forging Machine Setters, Operators, and Tenders, Metal and Plastic","Production Occupations ","PRODUCTION, TRANSPORTATION AND MATERIAL MOVING OCCUPATIONS","PRODUCTION, TRANSPORTATION AND MATERIAL MOVING OCCUPATIONS"
794,"Rolling Machine Setters, Operators, and Tenders, Metal and Plastic","Production Occupations ","PRODUCTION, TRANSPORTATION AND MATERIAL MOVING OCCUPATIONS","PRODUCTION, TRANSPORTATION AND MATERIAL MOVING OCCUPATIONS"
795,"Cutting, Punching, and Press Machine Setters, Operators, and Tenders, Metal and Plastic","Production Occupations ","PRODUCTION, TRANSPORTATION AND MATERIAL MOVING OCCUPATIONS","PRODUCTION, TRANSPORTATION AND MATERIAL MOVING OCCUPATIONS"
796,"Drilling and Boring Machine Tool Setters, Operators, and Tenders, Metal and Plastic","Production Occupations ","PRODUCTION, TRANSPORTATION AND MATERIAL MOVING OCCUPATIONS","PRODUCTION, TRANSPORTATION AND MATERIAL MOVING OCCUPATIONS"
800,"Grinding, Lapping, Polishing, and Buffing Machine Tool Setters, Operators, and Tenders, Metal and Plastic","Production Occupations ","PRODUCTION, TRANSPORTATION AND MATERIAL MOVING OCCUPATIONS","PRODUCTION, TRANSPORTATION AND MATERIAL MOVING OCCUPATIONS"
801,"Lathe and Turning Machine Tool Setters, Operators, and Tenders, Metal and Plastic","Production Occupations ","PRODUCTION, TRANSPORTATION AND MATERIAL MOVING OCCUPATIONS","PRODUCTION, TRANSPORTATION AND MATERIAL MOVING OCCUPATIONS"
802,"Milling and Planing Machine Setter, Operators, and Tenders, Metal and Plastic","Production Occupations ","PRODUCTION, TRANSPORTATION AND MATERIAL MOVING OCCUPATIONS","PRODUCTION, TRANSPORTATION AND MATERIAL MOVING OCCUPATIONS"
803,Machinists,"Production Occupations ","PRODUCTION, TRANSPORTATION AND MATERIAL MOVING OCCUPATIONS","PRODUCTION, TRANSPORTATION AND MATERIAL MOVING OCCUPATIONS"
804,"Metal Furnace and Kiln Operators and Tenders","Production Occupations ","PRODUCTION, TRANSPORTATION AND MATERIAL MOVING OCCUPATIONS","PRODUCTION, TRANSPORTATION AND MATERIAL MOVING OCCUPATIONS"
805,"Not used","Production Occupations ","PRODUCTION, TRANSPORTATION AND MATERIAL MOVING OCCUPATIONS","PRODUCTION, TRANSPORTATION AND MATERIAL MOVING OCCUPATIONS"
806,"Model Makers and Patternmakers, Metal and Plastic","Production Occupations ","PRODUCTION, TRANSPORTATION AND MATERIAL MOVING OCCUPATIONS","PRODUCTION, TRANSPORTATION AND MATERIAL MOVING OCCUPATIONS"
810,"Molders and Molding Machine Setters, Operators, and Tenders, Metal and Plastic","Production Occupations ","PRODUCTION, TRANSPORTATION AND MATERIAL MOVING OCCUPATIONS","PRODUCTION, TRANSPORTATION AND MATERIAL MOVING OCCUPATIONS"
811,"Not used","Production Occupations ","PRODUCTION, TRANSPORTATION AND MATERIAL MOVING OCCUPATIONS","PRODUCTION, TRANSPORTATION AND MATERIAL MOVING OCCUPATIONS"
812,"Multiple Machine Tool Setters, Operators, and Tenders, Metal and Plastic","Production Occupations ","PRODUCTION, TRANSPORTATION AND MATERIAL MOVING OCCUPATIONS","PRODUCTION, TRANSPORTATION AND MATERIAL MOVING OCCUPATIONS"
813,"Tool and Die Makers","Production Occupations ","PRODUCTION, TRANSPORTATION AND MATERIAL MOVING OCCUPATIONS","PRODUCTION, TRANSPORTATION AND MATERIAL MOVING OCCUPATIONS"
814,"Welding, Soldering, and Brazing Workers","Production Occupations ","PRODUCTION, TRANSPORTATION AND MATERIAL MOVING OCCUPATIONS","PRODUCTION, TRANSPORTATION AND MATERIAL MOVING OCCUPATIONS"
815,"Heat Treating Equipment Setters, Operators, and Tenders, Metal and Plastic","Production Occupations ","PRODUCTION, TRANSPORTATION AND MATERIAL MOVING OCCUPATIONS","PRODUCTION, TRANSPORTATION AND MATERIAL MOVING OCCUPATIONS"
816,"Lay-Out Workers, Metal and Plastic","Production Occupations ","PRODUCTION, TRANSPORTATION AND MATERIAL MOVING OCCUPATIONS","PRODUCTION, TRANSPORTATION AND MATERIAL MOVING OCCUPATIONS"
820,"Plating and Coating Machine Setters, Operators, and Tenders, Metal and Plastic","Production Occupations ","PRODUCTION, TRANSPORTATION AND MATERIAL MOVING OCCUPATIONS","PRODUCTION, TRANSPORTATION AND MATERIAL MOVING OCCUPATIONS"
821,"Tool Grinders, Filers, and Sharpeners","Production Occupations ","PRODUCTION, TRANSPORTATION AND MATERIAL MOVING OCCUPATIONS","PRODUCTION, TRANSPORTATION AND MATERIAL MOVING OCCUPATIONS"
822,"Other Metal Workers and Plastic Workers, Including Milling, Planing, and Machine Tool Operators","Production Occupations ","PRODUCTION, TRANSPORTATION AND MATERIAL MOVING OCCUPATIONS","PRODUCTION, TRANSPORTATION AND MATERIAL MOVING OCCUPATIONS"
823,"Bookbinders and Bindery Workers","Production Occupations ","PRODUCTION, TRANSPORTATION AND MATERIAL MOVING OCCUPATIONS","PRODUCTION, TRANSPORTATION AND MATERIAL MOVING OCCUPATIONS"
824,"Job Printers","Production Occupations ","PRODUCTION, TRANSPORTATION AND MATERIAL MOVING OCCUPATIONS","PRODUCTION, TRANSPORTATION AND MATERIAL MOVING OCCUPATIONS"
825,"Prepress Technicians and Workers","Production Occupations ","PRODUCTION, TRANSPORTATION AND MATERIAL MOVING OCCUPATIONS","PRODUCTION, TRANSPORTATION AND MATERIAL MOVING OCCUPATIONS"
826,"Printing Machine Operators","Production Occupations ","PRODUCTION, TRANSPORTATION AND MATERIAL MOVING OCCUPATIONS","PRODUCTION, TRANSPORTATION AND MATERIAL MOVING OCCUPATIONS"
830,"Laundry and Dry-Cleaning Workers","Production Occupations ","PRODUCTION, TRANSPORTATION AND MATERIAL MOVING OCCUPATIONS","PRODUCTION, TRANSPORTATION AND MATERIAL MOVING OCCUPATIONS"
831,"Pressers, Textile, Garment, and Related Materials","Production Occupations ","PRODUCTION, TRANSPORTATION AND MATERIAL MOVING OCCUPATIONS","PRODUCTION, TRANSPORTATION AND MATERIAL MOVING OCCUPATIONS"
832,"Sewing Machine Operators","Production Occupations ","PRODUCTION, TRANSPORTATION AND MATERIAL MOVING OCCUPATIONS","PRODUCTION, TRANSPORTATION AND MATERIAL MOVING OCCUPATIONS"
833,"Shoe and Leather Workers and Repairers","Production Occupations ","PRODUCTION, TRANSPORTATION AND MATERIAL MOVING OCCUPATIONS","PRODUCTION, TRANSPORTATION AND MATERIAL MOVING OCCUPATIONS"
834,"Shoe Machine Operators and Tenders","Production Occupations ","PRODUCTION, TRANSPORTATION AND MATERIAL MOVING OCCUPATIONS","PRODUCTION, TRANSPORTATION AND MATERIAL MOVING OCCUPATIONS"
835,"Tailors, Dressmakers, and Sewers","Production Occupations ","PRODUCTION, TRANSPORTATION AND MATERIAL MOVING OCCUPATIONS","PRODUCTION, TRANSPORTATION AND MATERIAL MOVING OCCUPATIONS"
836,"Textile Bleaching and Dyeing Machine Operators and Tenders","Production Occupations ","PRODUCTION, TRANSPORTATION AND MATERIAL MOVING OCCUPATIONS","PRODUCTION, TRANSPORTATION AND MATERIAL MOVING OCCUPATIONS"
840,"Textile Cutting Machine Setters, Operators, and Tenders","Production Occupations ","PRODUCTION, TRANSPORTATION AND MATERIAL MOVING OCCUPATIONS","PRODUCTION, TRANSPORTATION AND MATERIAL MOVING OCCUPATIONS"
841,"Textile Knitting and Weaving Machine Setters, Operators, and Tenders","Production Occupations ","PRODUCTION, TRANSPORTATION AND MATERIAL MOVING OCCUPATIONS","PRODUCTION, TRANSPORTATION AND MATERIAL MOVING OCCUPATIONS"
842,"Textile Winding, Twisting, and Drawing Out Machine Setters, Operators, and Tenders","Production Occupations ","PRODUCTION, TRANSPORTATION AND MATERIAL MOVING OCCUPATIONS","PRODUCTION, TRANSPORTATION AND MATERIAL MOVING OCCUPATIONS"
843,"Extruding and Forming Machine Setters, Operators, and Tenders, Synthetic and Glass Fibers","Production Occupations ","PRODUCTION, TRANSPORTATION AND MATERIAL MOVING OCCUPATIONS","PRODUCTION, TRANSPORTATION AND MATERIAL MOVING OCCUPATIONS"
844,"Fabric and Apparel Patternmakers","Production Occupations ","PRODUCTION, TRANSPORTATION AND MATERIAL MOVING OCCUPATIONS","PRODUCTION, TRANSPORTATION AND MATERIAL MOVING OCCUPATIONS"
845,Upholsterers,"Production Occupations ","PRODUCTION, TRANSPORTATION AND MATERIAL MOVING OCCUPATIONS","PRODUCTION, TRANSPORTATION AND MATERIAL MOVING OCCUPATIONS"
846,"Miscellaneous Textile, Apparel, and Furnishings Workers,  Except Upholsterers","Production Occupations ","PRODUCTION, TRANSPORTATION AND MATERIAL MOVING OCCUPATIONS","PRODUCTION, TRANSPORTATION AND MATERIAL MOVING OCCUPATIONS"
850,"Cabinetmakers and Bench Carpenters","Production Occupations ","PRODUCTION, TRANSPORTATION AND MATERIAL MOVING OCCUPATIONS","PRODUCTION, TRANSPORTATION AND MATERIAL MOVING OCCUPATIONS"
851,"Furniture Finishers","Production Occupations ","PRODUCTION, TRANSPORTATION AND MATERIAL MOVING OCCUPATIONS","PRODUCTION, TRANSPORTATION AND MATERIAL MOVING OCCUPATIONS"
852,"Model Makers and Patternmakers, Wood","Production Occupations ","PRODUCTION, TRANSPORTATION AND MATERIAL MOVING OCCUPATIONS","PRODUCTION, TRANSPORTATION AND MATERIAL MOVING OCCUPATIONS"
853,"Sawing Machine Setters, Operators, and Tenders, Wood","Production Occupations ","PRODUCTION, TRANSPORTATION AND MATERIAL MOVING OCCUPATIONS","PRODUCTION, TRANSPORTATION AND MATERIAL MOVING OCCUPATIONS"
854,"Woodworking Machine Setters, Operators, and Tenders, Except Sawing","Production Occupations ","PRODUCTION, TRANSPORTATION AND MATERIAL MOVING OCCUPATIONS","PRODUCTION, TRANSPORTATION AND MATERIAL MOVING OCCUPATIONS"
855,"Miscellaneous Woodworkers, Including Model Makers and Patternmakers","Production Occupations ","PRODUCTION, TRANSPORTATION AND MATERIAL MOVING OCCUPATIONS","PRODUCTION, TRANSPORTATION AND MATERIAL MOVING OCCUPATIONS"
860,"Power Plant Operators, Distributors, and Dispatchers","Production Occupations ","PRODUCTION, TRANSPORTATION AND MATERIAL MOVING OCCUPATIONS","PRODUCTION, TRANSPORTATION AND MATERIAL MOVING OCCUPATIONS"
861,"Stationary Engineers and Boiler Operators","Production Occupations ","PRODUCTION, TRANSPORTATION AND MATERIAL MOVING OCCUPATIONS","PRODUCTION, TRANSPORTATION AND MATERIAL MOVING OCCUPATIONS"
862,"Water and Liquid Waste Treatment Plant and System Operators","Production Occupations ","PRODUCTION, TRANSPORTATION AND MATERIAL MOVING OCCUPATIONS","PRODUCTION, TRANSPORTATION AND MATERIAL MOVING OCCUPATIONS"
863,"Miscellaneous Plant and System Operators","Production Occupations ","PRODUCTION, TRANSPORTATION AND MATERIAL MOVING OCCUPATIONS","PRODUCTION, TRANSPORTATION AND MATERIAL MOVING OCCUPATIONS"
864,"Chemical Processing Machine Setters, Operators, and Tenders","Production Occupations ","PRODUCTION, TRANSPORTATION AND MATERIAL MOVING OCCUPATIONS","PRODUCTION, TRANSPORTATION AND MATERIAL MOVING OCCUPATIONS"
865,"Crushing, Grinding, Polishing, Mixing, and Blending Workers","Production Occupations ","PRODUCTION, TRANSPORTATION AND MATERIAL MOVING OCCUPATIONS","PRODUCTION, TRANSPORTATION AND MATERIAL MOVING OCCUPATIONS"
871,"Cutting Workers","Production Occupations ","PRODUCTION, TRANSPORTATION AND MATERIAL MOVING OCCUPATIONS","PRODUCTION, TRANSPORTATION AND MATERIAL MOVING OCCUPATIONS"
872,"Extruding, Forming, Pressing, and Compacting Machine Setters, Operators, and Tenders","Production Occupations ","PRODUCTION, TRANSPORTATION AND MATERIAL MOVING OCCUPATIONS","PRODUCTION, TRANSPORTATION AND MATERIAL MOVING OCCUPATIONS"
873,"Furnace, Kiln, Oven, Drier, and Kettle Operators and Tenders","Production Occupations ","PRODUCTION, TRANSPORTATION AND MATERIAL MOVING OCCUPATIONS","PRODUCTION, TRANSPORTATION AND MATERIAL MOVING OCCUPATIONS"
874,"Inspectors, Testers, Sorters, Samplers, and Weighers","Production Occupations ","PRODUCTION, TRANSPORTATION AND MATERIAL MOVING OCCUPATIONS","PRODUCTION, TRANSPORTATION AND MATERIAL MOVING OCCUPATIONS"
875,"Jewelers and Precious Stone and Metal Workers","Production Occupations ","PRODUCTION, TRANSPORTATION AND MATERIAL MOVING OCCUPATIONS","PRODUCTION, TRANSPORTATION AND MATERIAL MOVING OCCUPATIONS"
876,"Medical, Dental, and Ophthalmic Laboratory Technicians","Production Occupations ","PRODUCTION, TRANSPORTATION AND MATERIAL MOVING OCCUPATIONS","PRODUCTION, TRANSPORTATION AND MATERIAL MOVING OCCUPATIONS"
880,"Packaging and Filing Machine Operators and Tenders","Production Occupations ","PRODUCTION, TRANSPORTATION AND MATERIAL MOVING OCCUPATIONS","PRODUCTION, TRANSPORTATION AND MATERIAL MOVING OCCUPATIONS"
881,"Painting Workers","Production Occupations ","PRODUCTION, TRANSPORTATION AND MATERIAL MOVING OCCUPATIONS","PRODUCTION, TRANSPORTATION AND MATERIAL MOVING OCCUPATIONS"
882,"Not used","Production Occupations ","PRODUCTION, TRANSPORTATION AND MATERIAL MOVING OCCUPATIONS","PRODUCTION, TRANSPORTATION AND MATERIAL MOVING OCCUPATIONS"
883,"Photographic Process Workers and Processing Machine Operators","Production Occupations ","PRODUCTION, TRANSPORTATION AND MATERIAL MOVING OCCUPATIONS","PRODUCTION, TRANSPORTATION AND MATERIAL MOVING OCCUPATIONS"
884,"Semiconductor Processors","Production Occupations ","PRODUCTION, TRANSPORTATION AND MATERIAL MOVING OCCUPATIONS","PRODUCTION, TRANSPORTATION AND MATERIAL MOVING OCCUPATIONS"
885,"Cementing and Gluing Machine Operators and Tenders","Production Occupations ","PRODUCTION, TRANSPORTATION AND MATERIAL MOVING OCCUPATIONS","PRODUCTION, TRANSPORTATION AND MATERIAL MOVING OCCUPATIONS"
886,"Cleaning, Washing, and Metal Pickling Equipment Operators and Tenders","Production Occupations ","PRODUCTION, TRANSPORTATION AND MATERIAL MOVING OCCUPATIONS","PRODUCTION, TRANSPORTATION AND MATERIAL MOVING OCCUPATIONS"
890,"Cooling and Freezing Equipment Operators and Tenders","Production Occupations ","PRODUCTION, TRANSPORTATION AND MATERIAL MOVING OCCUPATIONS","PRODUCTION, TRANSPORTATION AND MATERIAL MOVING OCCUPATIONS"
891,"Etchers and Engravers","Production Occupations ","PRODUCTION, TRANSPORTATION AND MATERIAL MOVING OCCUPATIONS","PRODUCTION, TRANSPORTATION AND MATERIAL MOVING OCCUPATIONS"
892,"Molders, Shapers, and Casters, Except Metal and Plastic","Production Occupations ","PRODUCTION, TRANSPORTATION AND MATERIAL MOVING OCCUPATIONS","PRODUCTION, TRANSPORTATION AND MATERIAL MOVING OCCUPATIONS"
893,"Paper Goods Machine Setters, Operators, and Tenders","Production Occupations ","PRODUCTION, TRANSPORTATION AND MATERIAL MOVING OCCUPATIONS","PRODUCTION, TRANSPORTATION AND MATERIAL MOVING OCCUPATIONS"
894,"Tire Builders","Production Occupations ","PRODUCTION, TRANSPORTATION AND MATERIAL MOVING OCCUPATIONS","PRODUCTION, TRANSPORTATION AND MATERIAL MOVING OCCUPATIONS"
895,"Helpers--Production Workers","Production Occupations ","PRODUCTION, TRANSPORTATION AND MATERIAL MOVING OCCUPATIONS","PRODUCTION, TRANSPORTATION AND MATERIAL MOVING OCCUPATIONS"
896,"Other Production Workers, Including Semiconductor Processors and Cooling and Freezing Equipment Operators","Production Occupations ","PRODUCTION, TRANSPORTATION AND MATERIAL MOVING OCCUPATIONS","PRODUCTION, TRANSPORTATION AND MATERIAL MOVING OCCUPATIONS"
900,"Supervisors, Transportation and Material Moving Workers","Transportation and Material Moving Occupations","PRODUCTION, TRANSPORTATION AND MATERIAL MOVING OCCUPATIONS","PRODUCTION, TRANSPORTATION AND MATERIAL MOVING OCCUPATIONS"
903,"Aircraft Pilots and Flight Engineers","Transportation and Material Moving Occupations","PRODUCTION, TRANSPORTATION AND MATERIAL MOVING OCCUPATIONS","PRODUCTION, TRANSPORTATION AND MATERIAL MOVING OCCUPATIONS"
904,"Air Traffic Controllers and Airfield Operations Specialists","Transportation and Material Moving Occupations","PRODUCTION, TRANSPORTATION AND MATERIAL MOVING OCCUPATIONS","PRODUCTION, TRANSPORTATION AND MATERIAL MOVING OCCUPATIONS"
911,"Ambulance Drivers and Attendants, Except Emergency Medical Technicians","Transportation and Material Moving Occupations","PRODUCTION, TRANSPORTATION AND MATERIAL MOVING OCCUPATIONS","PRODUCTION, TRANSPORTATION AND MATERIAL MOVING OCCUPATIONS"
912,"Bus Drivers","Transportation and Material Moving Occupations","PRODUCTION, TRANSPORTATION AND MATERIAL MOVING OCCUPATIONS","PRODUCTION, TRANSPORTATION AND MATERIAL MOVING OCCUPATIONS"
913,"Driver/Sales Workers and Truck Drivers","Transportation and Material Moving Occupations","PRODUCTION, TRANSPORTATION AND MATERIAL MOVING OCCUPATIONS","PRODUCTION, TRANSPORTATION AND MATERIAL MOVING OCCUPATIONS"
914,"Taxi Drivers and Chauffeurs","Transportation and Material Moving Occupations","PRODUCTION, TRANSPORTATION AND MATERIAL MOVING OCCUPATIONS","PRODUCTION, TRANSPORTATION AND MATERIAL MOVING OCCUPATIONS"
915,"Miscellaneous Motor Vehicle Operators, Including Ambulance Drivers and Attendants","Transportation and Material Moving Occupations","PRODUCTION, TRANSPORTATION AND MATERIAL MOVING OCCUPATIONS","PRODUCTION, TRANSPORTATION AND MATERIAL MOVING OCCUPATIONS"
920,"Locomotive Engineers and Operators","Transportation and Material Moving Occupations","PRODUCTION, TRANSPORTATION AND MATERIAL MOVING OCCUPATIONS","PRODUCTION, TRANSPORTATION AND MATERIAL MOVING OCCUPATIONS"
923,"Railroad Brake, Signal, and Switch Operators","Transportation and Material Moving Occupations","PRODUCTION, TRANSPORTATION AND MATERIAL MOVING OCCUPATIONS","PRODUCTION, TRANSPORTATION AND MATERIAL MOVING OCCUPATIONS"
924,"Railroad Conductors and Yardmasters","Transportation and Material Moving Occupations","PRODUCTION, TRANSPORTATION AND MATERIAL MOVING OCCUPATIONS","PRODUCTION, TRANSPORTATION AND MATERIAL MOVING OCCUPATIONS"
925,"Not used","Transportation and Material Moving Occupations","PRODUCTION, TRANSPORTATION AND MATERIAL MOVING OCCUPATIONS","PRODUCTION, TRANSPORTATION AND MATERIAL MOVING OCCUPATIONS"
926,"Subway, Streetcar, and Other Rail Transportation Workers","Transportation and Material Moving Occupations","PRODUCTION, TRANSPORTATION AND MATERIAL MOVING OCCUPATIONS","PRODUCTION, TRANSPORTATION AND MATERIAL MOVING OCCUPATIONS"
930,"Sailors and Marine Oilers","Transportation and Material Moving Occupations","PRODUCTION, TRANSPORTATION AND MATERIAL MOVING OCCUPATIONS","PRODUCTION, TRANSPORTATION AND MATERIAL MOVING OCCUPATIONS"
931,"Ship and Boat Captains and Operators","Transportation and Material Moving Occupations","PRODUCTION, TRANSPORTATION AND MATERIAL MOVING OCCUPATIONS","PRODUCTION, TRANSPORTATION AND MATERIAL MOVING OCCUPATIONS"
932,"Not used","Transportation and Material Moving Occupations","PRODUCTION, TRANSPORTATION AND MATERIAL MOVING OCCUPATIONS","PRODUCTION, TRANSPORTATION AND MATERIAL MOVING OCCUPATIONS"
933,"Ship Engineers","Transportation and Material Moving Occupations","PRODUCTION, TRANSPORTATION AND MATERIAL MOVING OCCUPATIONS","PRODUCTION, TRANSPORTATION AND MATERIAL MOVING OCCUPATIONS"
934,"Bridge and Lock Tenders","Transportation and Material Moving Occupations","PRODUCTION, TRANSPORTATION AND MATERIAL MOVING OCCUPATIONS","PRODUCTION, TRANSPORTATION AND MATERIAL MOVING OCCUPATIONS"
935,"Parking Lot Attendants","Transportation and Material Moving Occupations","PRODUCTION, TRANSPORTATION AND MATERIAL MOVING OCCUPATIONS","PRODUCTION, TRANSPORTATION AND MATERIAL MOVING OCCUPATIONS"
936,"Service Station Attendants","Transportation and Material Moving Occupations","PRODUCTION, TRANSPORTATION AND MATERIAL MOVING OCCUPATIONS","PRODUCTION, TRANSPORTATION AND MATERIAL MOVING OCCUPATIONS"
941,"Transportation Inspectors","Transportation and Material Moving Occupations","PRODUCTION, TRANSPORTATION AND MATERIAL MOVING OCCUPATIONS","PRODUCTION, TRANSPORTATION AND MATERIAL MOVING OCCUPATIONS"
942,"Miscellaneous Transportation Workers, Including Bridge and Lock Tenders and Traffic Technicians","Transportation and Material Moving Occupations","PRODUCTION, TRANSPORTATION AND MATERIAL MOVING OCCUPATIONS","PRODUCTION, TRANSPORTATION AND MATERIAL MOVING OCCUPATIONS"
950,"Conveyor Operators and Tenders","Transportation and Material Moving Occupations","PRODUCTION, TRANSPORTATION AND MATERIAL MOVING OCCUPATIONS","PRODUCTION, TRANSPORTATION AND MATERIAL MOVING OCCUPATIONS"
951,"Crane and Tower Operators","Transportation and Material Moving Occupations","PRODUCTION, TRANSPORTATION AND MATERIAL MOVING OCCUPATIONS","PRODUCTION, TRANSPORTATION AND MATERIAL MOVING OCCUPATIONS"
952,"Dredge, Excavating, and Loading Machine Operators","Transportation and Material Moving Occupations","PRODUCTION, TRANSPORTATION AND MATERIAL MOVING OCCUPATIONS","PRODUCTION, TRANSPORTATION AND MATERIAL MOVING OCCUPATIONS"
956,"Hoist and Winch Operators","Transportation and Material Moving Occupations","PRODUCTION, TRANSPORTATION AND MATERIAL MOVING OCCUPATIONS","PRODUCTION, TRANSPORTATION AND MATERIAL MOVING OCCUPATIONS"
960,"Industrial Truck and Tractor Operators","Transportation and Material Moving Occupations","PRODUCTION, TRANSPORTATION AND MATERIAL MOVING OCCUPATIONS","PRODUCTION, TRANSPORTATION AND MATERIAL MOVING OCCUPATIONS"
961,"Cleaners of Vehicles and Equipment","Transportation and Material Moving Occupations","PRODUCTION, TRANSPORTATION AND MATERIAL MOVING OCCUPATIONS","PRODUCTION, TRANSPORTATION AND MATERIAL MOVING OCCUPATIONS"
962,"Laborers and Freight, Stock, and Material Movers, Hand","Transportation and Material Moving Occupations","PRODUCTION, TRANSPORTATION AND MATERIAL MOVING OCCUPATIONS","PRODUCTION, TRANSPORTATION AND MATERIAL MOVING OCCUPATIONS"
963,"Machine Feeders and Offbearers","Transportation and Material Moving Occupations","PRODUCTION, TRANSPORTATION AND MATERIAL MOVING OCCUPATIONS","PRODUCTION, TRANSPORTATION AND MATERIAL MOVING OCCUPATIONS"
964,"Packers and Packagers, Hand","Transportation and Material Moving Occupations","PRODUCTION, TRANSPORTATION AND MATERIAL MOVING OCCUPATIONS","PRODUCTION, TRANSPORTATION AND MATERIAL MOVING OCCUPATIONS"
965,"Pumping Station Operators","Transportation and Material Moving Occupations","PRODUCTION, TRANSPORTATION AND MATERIAL MOVING OCCUPATIONS","PRODUCTION, TRANSPORTATION AND MATERIAL MOVING OCCUPATIONS"
972,"Refuse and Recyclable Material Collectors","Transportation and Material Moving Occupations","PRODUCTION, TRANSPORTATION AND MATERIAL MOVING OCCUPATIONS","PRODUCTION, TRANSPORTATION AND MATERIAL MOVING OCCUPATIONS"
973,"Shuttle Car Operators","Transportation and Material Moving Occupations","PRODUCTION, TRANSPORTATION AND MATERIAL MOVING OCCUPATIONS","PRODUCTION, TRANSPORTATION AND MATERIAL MOVING OCCUPATIONS"
974,"Tank Car, Truck, and Ship Loaders","Transportation and Material Moving Occupations","PRODUCTION, TRANSPORTATION AND MATERIAL MOVING OCCUPATIONS","PRODUCTION, TRANSPORTATION AND MATERIAL MOVING OCCUPATIONS"
975,"Miscellaneous Material Moving Workers, Including Conveyor Operators and Tenders, Shuttle Car Operators, and Tank Car, Truck, and Ship Loaders","Transportation and Material Moving Occupations","PRODUCTION, TRANSPORTATION AND MATERIAL MOVING OCCUPATIONS","PRODUCTION, TRANSPORTATION AND MATERIAL MOVING OCCUPATIONS"
980,"Military Officer Special and Tactical Weapons Leaders/Managers","MILITARY SPECIFIC OCCUPATIONS","MILITARY SPECIFIC OCCUPATIONS","MILITARY SPECIFIC OCCUPATIONS"
981,"First-Line Enlisted Military Supervisors/Managers","MILITARY SPECIFIC OCCUPATIONS","MILITARY SPECIFIC OCCUPATIONS","MILITARY SPECIFIC OCCUPATIONS"
982,"Military Enlisted Tactical Operations and Air/Weapons Specialists and Crew Members","MILITARY SPECIFIC OCCUPATIONS","MILITARY SPECIFIC OCCUPATIONS","MILITARY SPECIFIC OCCUPATIONS"
983,"Military, Rank Not Specified (Census only)","MILITARY SPECIFIC OCCUPATIONS","MILITARY SPECIFIC OCCUPATIONS","MILITARY SPECIFIC OCCUPATIONS"
992,"Unemployed: in the labor force, who last worked more than 5 years ago",UNEMPLOYED,UNEMPLOYED,"UNEMPLOYED"
