IDR,RACE,RACEGROUP,MRN
100,White,White,"1"
110,"Spanish write-in",White,"1"
120,"Blank (white) (1850)",White,"1"
130,Portuguese,White,"1"
140,"Mexican (1930)",White,"1"
150,"Puerto Rican (1910 Hawaii)",White,"1"
200,Black/Negro,Black/Negro,"1"
210,Mulatto,Black/Negro,"1"
300,"American Indian/Alaska Native","American Indian/Alaska Native (AIAN)","1"
301,"Alaskan Athabaskan","American Indian/Alaska Native (AIAN)","1"
302,Apache,"American Indian/Alaska Native (AIAN)","1"
303,Blackfoot,"American Indian/Alaska Native (AIAN)","1"
304,Cherokee,"American Indian/Alaska Native (AIAN)","1"
305,Cheyenne,"American Indian/Alaska Native (AIAN)","1"
306,Chickasaw,"American Indian/Alaska Native (AIAN)","1"
307,Chippewa,"American Indian/Alaska Native (AIAN)","1"
308,Choctaw,"American Indian/Alaska Native (AIAN)","1"
309,Comanche,"American Indian/Alaska Native (AIAN)","1"
310,Creek,"American Indian/Alaska Native (AIAN)","1"
311,Crow,"American Indian/Alaska Native (AIAN)","1"
312,Iroquois,"American Indian/Alaska Native (AIAN)","1"
313,Kiowa,"American Indian/Alaska Native (AIAN)","1"
314,Lumbee,"American Indian/Alaska Native (AIAN)","1"
315,Navajo,"American Indian/Alaska Native (AIAN)","1"
316,Osage,"American Indian/Alaska Native (AIAN)","1"
317,Paiute,"American Indian/Alaska Native (AIAN)","1"
318,Pima,"American Indian/Alaska Native (AIAN)","1"
319,Potawatomi,"American Indian/Alaska Native (AIAN)","1"
320,Pueblo,"American Indian/Alaska Native (AIAN)","1"
321,Seminole,"American Indian/Alaska Native (AIAN)","1"
322,Shoshone,"American Indian/Alaska Native (AIAN)","1"
323,Sioux,"American Indian/Alaska Native (AIAN)","1"
324,"Tlingit (Tlingit-Haida, 2000/ACS)","American Indian/Alaska Native (AIAN)","1"
325,"Tohono O Odham","American Indian/Alaska Native (AIAN)","1"
326,"All other tribes (1990)","American Indian/Alaska Native (AIAN)","1"
327,"Tribe not specified","American Indian/Alaska Native (AIAN)","1"
330,Aleut,"American Indian/Alaska Native (AIAN)","1"
340,Eskimo,"American Indian/Alaska Native (AIAN)","1"
341,"Alaskan mixed","American Indian/Alaska Native (AIAN)","1"
350,Delaware,"American Indian/Alaska Native (AIAN)","1"
351,"Latin American Indian","American Indian/Alaska Native (AIAN)","1"
352,"Puget Sound Salish","American Indian/Alaska Native (AIAN)","1"
353,Yakama,"American Indian/Alaska Native (AIAN)","1"
354,Yaqui,"American Indian/Alaska Native (AIAN)","1"
355,Colville,"American Indian/Alaska Native (AIAN)","1"
356,Houma,"American Indian/Alaska Native (AIAN)","1"
357,Menominee,"American Indian/Alaska Native (AIAN)","1"
358,Yuman,"American Indian/Alaska Native (AIAN)","1"
390,"Other Amer. Indian tribe (2000,ACS)","American Indian/Alaska Native (AIAN)","1"
391,"2+ Amer. Indian tribes (2000,ACS)","American Indian/Alaska Native (AIAN)","1"
392,"Other Alaska Native tribe(s) (2000,ACS)","American Indian/Alaska Native (AIAN)","1"
393,"Both Am. Ind. and Alaska Native (2000,ACS)","American Indian/Alaska Native (AIAN)","1"
400,Chinese,Chinese,"1"
410,Taiwanese,Chinese,"1"
420,"Chinese and Taiwanese",Chinese,"1"
500,Japanese,Japanese,"1"
600,Filipino,"Other Asian or Pacific Islander","1"
610,"Asian Indian (Hindu 1920-1940)","Other Asian or Pacific Islander","1"
620,Korean,"Other Asian or Pacific Islander","1"
630,Hawaiian,"Other Asian or Pacific Islander","1"
640,Vietnamese,"Other Asian or Pacific Islander","1"
650,"Other Asian or Pacific Islander (1920,1980)","Other Asian or Pacific Islander","1"
653,"Asian or Pacific Islander, n.s. (1990 Internal Census files)","Other Asian or Pacific Islander","1"
700,"Other race, n.e.c.","Other race, n.e.c.","1"
801,"White and Black","White and Black","2"
802,"White and AIAN","White and AIAN","2"
810,"White and Asian","White and Asian","2"
811,"White and Chinese","White and Asian","2"
812,"White and Japanese","White and Asian","2"
813,"White and Filipino","White and Asian","2"
814,"White and Asian Indian","White and Asian","2"
815,"White and Korean","White and Asian","2"
816,"White and Vietnamese","White and Asian","2"
817,"White and Asian write-in","White and Asian","2"
818,"White and other Asian race(s)","White and Asian","2"
819,"White and two or more Asian groups","White and Asian","2"
820,"White and PI","White and Pacific Islander","2"
821,"White and Native Hawaiian","White and Pacific Islander","2"
822,"White and Samoan","White and Pacific Islander","2"
823,"White and Guamanian","White and Pacific Islander","2"
824,"White and PI write-in","White and Pacific Islander","2"
825,"White and other PI race(s)","White and Pacific Islander","2"
826,"White and other race write-in","White and 'other race' write-in","2"
827,"White and other race, n.e.c.","White and one or more major race groups, n.e.c.","2"
830,"Black and AIAN","Black and AIAN","2"
831,"Black and Asian","Black and Asian","2"
832,"Black and Chinese","Black and Asian","2"
833,"Black and Japanese","Black and Asian","2"
834,"Black and Filipino","Black and Asian","2"
835,"Black and Asian Indian","Black and Asian","2"
836,"Black and Korean","Black and Asian","2"
837,"Black and Asian write-in","Black and Asian","2"
838,"Black and other Asian race(s)","Black and Asian","2"
840,"Black and PI","Black and Pacific Islander","2"
841,"Black and PI write-in","Black and Pacific Islander","2"
842,"Black and other PI race(s)","Black and Pacific Islander","2"
845,"Black and other race write-in","Black and 'other race' write-in","2"
850,"AIAN and Asian","AIAN and Asian","2"
851,"AIAN and Filipino (2000 1%)","AIAN and Asian","2"
852,"AIAN and Asian Indian","AIAN and Asian","2"
853,"AIAN and Asian write-in (2000 1%)","AIAN and Asian","2"
854,"AIAN and other Asian race(s)","AIAN and Asian","2"
855,"AIAN and PI","AIAN and Pacific Islander","2"
856,"AIAN and other race write-in","AIAN and 'other race' write-in","2"
860,"Asian and PI","Asian and Pacific Islander","2"
861,"Chinese and Hawaiian","Asian and Pacific Islander","2"
862,"Chinese, Filipino, Hawaiian (2000 1%)","Asian and Pacific Islander","2"
863,"Japanese and Hawaiian (2000 1%)","Asian and Pacific Islander","2"
864,"Filipino and Hawaiian","Asian and Pacific Islander","2"
865,"Filipino and PI write-in","Asian and Pacific Islander","2"
866,"Asian Indian and PI write-in (2000 1%)","Asian and Pacific Islander","2"
867,"Asian write-in and PI write-in","Asian and Pacific Islander","2"
868,"Other Asian race(s) and PI race(s)","Asian and Pacific Islander","2"
880,"Asian and other race write-in","Asian and 'other race' write-in","2"
881,"Chinese and other race write-in","Asian and 'other race' write-in","2"
882,"Japanese and other race write-in","Asian and 'other race' write-in","2"
883,"Filipino and other race write-in","Asian and 'other race' write-in","2"
884,"Asian Indian and other race write-in","Asian and 'other race' write-in","2"
885,"Asian write-in and other race write-in","Asian and 'other race' write-in","2"
886,"Other Asian race(s) and other race write-in","Asian and 'other race' write-in","2"
890,"PI and other race write-in:","PI and 'other race' write-in","2"
891,"PI write-in and other race write-in","PI and 'other race' write-in","2"
892,"Other PI race(s) and other race write-in","PI and 'other race' write-in","2"
899,"API and other race write-in","PI and 'other race' write-in","2"
901,"White, Black, AIAN","White, Black, AIAN","3"
902,"White, Black, Asian","White, Black, Asian","3"
903,"White, Black, PI","White, Black, PI","3"
904,"White, Black, other race write-in","White, Black, other race write-in","3"
905,"White, AIAN, Asian","White, AIAN, Asian","3"
906,"White, AIAN, PI","White, AIAN, PI","3"
907,"White, AIAN, other race write-in","White, AIAN, other race write-in","3"
910,"White, Asian, PI","White and Asian and Pacific Islander","3"
911,"White, Chinese, Hawaiian","White and Asian and Pacific Islander","3"
912,"White, Chinese, Filipino, Hawaiian (2000 1%)","White and Asian and Pacific Islander","3"
913,"White, Japanese, Hawaiian (2000 1%)","White and Asian and Pacific Islander","3"
914,"White, Filipino, Hawaiian","White and Asian and Pacific Islander","3"
915,"Other White, Asian race(s), PI race(s)","White and Asian and Pacific Islander","3"
920,"White, Asian, other race write-in","White and Asian and 'other race' write-in","3"
921,"White, Filipino, other race write-in (2000 1%)","White and Asian and 'other race' write-in","3"
922,"White, Asian write-in, other race write-in (2000 1%)","White and Asian and 'other race' write-in","3"
923,"Other White, Asian race(s), other race write-in (2000 1%)","White and Asian and 'other race' write-in","3"
925,"White, PI, other race write-in","White and Pacific Islander and 'other race' write-in","3"
930,"Black, AIAN, Asian","Black and American Indian/Alaska Native and Asian","3"
931,"Black, AIAN, PI","Black and American Indian/Alaska Native and Pacific Islander","3"
932,"Black, AIAN, other race write-in","Black and American Indian/Alaska Native and 'other race' write-in","3"
933,"Black, Asian, PI","Black and Asian and Pacific Islander","3"
934,"Black, Asian, other race write-in","Black and Asian and 'other race' write-in","3"
935,"Black, PI, other race write-in","Black and Pacific Islander and 'other race' write-in","3"
940,"AIAN, Asian, PI","American Indian/Alaska Native and Asian and Pacific Islander","3"
941,"AIAN, Asian, other race write-in","American Indian/Alaska Native and Asian and 'other race' write-in","3"
942,"AIAN, PI, other race write-in","American Indian/Alaska Native and Pacific Islander and 'other race' write-in","3"
943,"Asian, PI, other race write-in","Asian and Pacific Islander and 'other race' write-in","3"
949,"2 or 3 races (CPS)","2 or 3 races (CPS)","3"
950,"White, Black, AIAN, Asian","White, Black, AIAN, Asian","4+"
951,"White, Black, AIAN, PI","White, Black, AIAN, PI","4+"
952,"White, Black, AIAN, other race write-in","White, Black, AIAN, other race write-in","4+"
953,"White, Black, Asian, PI","White, Black, Asian, PI","4+"
954,"White, Black, Asian, other race write-in","White, Black, Asian, other race write-in","4+"
955,"White, Black, PI, other race write-in","White, Black, PI, other race write-in","4+"
960,"White, AIAN, Asian, PI","White, AIAN, Asian, PI","4+"
961,"White, AIAN, Asian, other race write-in","White, AIAN, Asian, other race write-in","4+"
962,"White, AIAN, PI, other race write-in","White, AIAN, PI, other race write-in","4+"
963,"White, Asian, PI, other race write-in","White, Asian, PI, other race write-in","4+"
970,"Black, AIAN, Asian, PI","Black, AIAN, Asian, PI","4+"
971,"Black, AIAN, Asian, other race write-in","Black, AIAN, Asian, other race write-in","4+"
972,"Black, AIAN, PI, other race write-in","Black, AIAN, PI, other race write-in","4+"
973,"Black, Asian, PI, other race write-in","Black, Asian, PI, other race write-in","4+"
974,"AIAN, Asian, PI, other race write-in","AIAN, Asian, PI, other race write-in","4+"
975,"AIAN, Asian, PI, Hawaiian other race write-in","AIAN, Asian, PI, Hawaiian other race write-in","4+"
980,"White, Black, AIAN, Asian, PI","White, Black, AIAN, Asian, PI","4+"
981,"White, Black, AIAN, Asian, other race write-in","White, Black, AIAN, Asian, other race write-in","4+"
982,"White, Black, AIAN, PI, other race write-in","White, Black, AIAN, PI, other race write-in","4+"
983,"White, Black, Asian, PI, other race write-in","White, Black, Asian, PI, other race write-in","4+"
984,"White, AIAN, Asian, PI, other race write-in","White, AIAN, Asian, PI, other race write-in","4+"
985,"Black, AIAN, Asian, PI, other race write-in","Black, AIAN, Asian, PI, other race write-in","4+"
986,"Black, AIAN, Asian, PI, Hawaiian, other race write-in","Black, AIAN, Asian, PI, Hawaiian, other race write-in","4+"
989,"4 or 5 races (CPS)","4 or 5 races (CPS)","4+"
990,"White, Black, AIAN, Asian, PI, other race write-in","White, Black, AIAN, Asian, PI, other race write-in","4+"
991,"White race","White race","4+"
996,"2+ races, n.e.c. (CPS)","2+ races, n.e.c. (CPS)","2+ races, n.e.c. (CPS)"
